Date,Value,Quality,MinVol,Momentum,CPIAUCSL,CPILFESL,DCOILWTICO,DGS10,DGS2,FEDFUNDS,GDPC1,HOUST,INDPRO,M2SL,PAYEMS,RSAFS,T10Y2Y,T10Y3M,UMCSENT,UNRATE,VIXCLS,GDPC1_YOY,CPIAUCSL_YOY,CPILFESL_YOY,PAYEMS_YOY,INDPRO_YOY,M2SL_YOY,YIELD_CURVE_10Y2Y,TERM_PREMIUM,REAL_10Y_RATE,GROWTH_COMPOSITE,INFLATION_COMPOSITE,ECONOMIC_REGIME,regime_type,risk_score,volatility_percentile,gdp_trend,inflation_trend,employment_trend,market_regime,vix_level,vix_percentile,regime_score,VIX,SP500,SP500_Adj,Volume,VIX_1d_change,VIX_1w_change,VIX_1m_change,VIX_1y_percentile,VIX_1y_zscore,SP500_Monthly_Return
1998-12-31,0.0226258748390122,0.0642433339999999,0.0409281955058655,0.1023173659870797,,,12.14,4.65,4.54,,,,,,,,0.11,0.17,,,24.42,0.0,0.0,0.0,0.0,0.0,0.0,0.1100000000000003,,4.65,-0.1341268418099787,-0.6738318006683836,Recession,,,,,,,,,,,25.479090909090907,123.312,77.461,7092122.7272727275,,,,,,0.0654150333539646
1999-01-29,0.0236992789645225,0.0564354194958951,0.0151750396567822,0.0430208146780051,,,12.14,4.65,4.54,,,,,,,,0.11,0.17,,,24.42,0.0,0.0,0.0,0.0,0.0,0.0,0.1100000000000003,,4.65,-0.1341268418099787,-0.6738318006683836,Recession,,,,,,,,,,,28.035263157894736,127.656,80.189,7443105.263157895,,,,,,0.0352177224667897
1999-02-26,-0.0491831958383679,-0.0327190132296856,-0.0258587364159013,-0.0246514555886475,,,12.81,4.66,4.58,,,,,,,,0.08,0.18,,,26.25,0.0,0.0,0.0,0.0,0.0,0.0,0.08,,4.66,-0.1341268418099787,-0.6738318006683836,Overheating,,,,,,,,,,,28.82263157894737,123.562,77.618,8664468.421052631,,,,,,-0.0320617541059247
1999-03-31,0.0278042764333155,0.0392533045037046,0.0217468143003316,0.0578818401624197,,,16.66,5.25,4.99,,,,,,,,0.26,0.76,,,23.26,0.0,0.0,0.0,0.0,0.0,0.0,0.2599999999999998,,5.25,-0.1341268418099787,-0.6738318006683836,Goldilocks,,,,,,,,,,,25.309565217391302,128.375,80.84,6443091.304347826,,,,,,0.0415109897188796
1999-04-30,0.0872440401100842,0.0245311569091912,0.0447734507114028,0.0029518630864322,,,18.69,5.36,5.08,,,,,,,,0.28,0.81,,,25.07,0.0,0.0,0.0,0.0,0.0,0.0,0.2800000000000002,,5.36,-0.1341268418099787,-0.6738318006683836,Overheating,,,,,,,,,,,23.478571428571428,133.25,83.91,7464557.142857143,,,,,,0.0379762493814943
1999-05-31,0.0069851010384411,-0.029605060008216,-0.0085379616017611,-0.0275239604795267,,,16.85,5.64,5.42,,,,,,,,0.22,0.98,,,25.39,0.0,0.0,0.0,0.0,0.0,0.0,0.2199999999999997,,5.64,-0.1341268418099787,-0.6738318006683836,Goldilocks,,,,,,,,,,,26.204500000000003,130.203,81.991,9128345.0,,,,,,-0.022869741389584
1999-06-30,0.0322378227815425,0.0585740531789544,0.0180911752716075,0.0810931456230144,,,19.33,5.81,5.53,,,,,,,,0.28,1.03,,,21.09,0.0,0.0,0.0,0.0,0.0,0.0,0.2799999999999993,,5.81,-0.1341268418099787,-0.6738318006683836,Recession,,,,,,,,,,,23.626363636363635,137.0,86.531,7304190.909090909,,,,,,0.0553719310656047
1999-07-30,-0.0180981542323386,-0.0328409633936259,-0.0230812039240644,-0.0332711074771133,,,19.33,5.81,5.53,,,,,,,,0.28,1.03,,,21.09,0.0,0.0,0.0,0.0,0.0,0.0,0.2799999999999993,,5.81,-0.1341268418099787,-0.6738318006683836,Recession,,,,,,,,,,,21.049047619047617,132.75,83.847,5508052.380952381,,,,,,-0.0310177855335082
1999-08-31,-0.0051676125353805,-0.0001854129508503,-0.0168970340979288,-0.0043097775029736,,,22.15,5.98,5.73,,,,,,,,0.25,1.0,,,24.45,0.0,0.0,0.0,0.0,0.0,0.0,0.25,,5.98,-0.1341268418099787,-0.6738318006683836,Overheating,,,,,,,,,,,24.323636363636364,132.062,83.413,6496631.818181818,,,,,,-0.0051760945531742
1999-09-30,-0.0816270749617616,-0.0303515141544955,-0.035378639452144,-0.0023576151114307,,,24.54,5.9,5.63,,,,,,,,0.27,1.02,,,25.41,0.0,0.0,0.0,0.0,0.0,0.0,0.2700000000000004,,5.9,-0.1341268418099787,-0.6738318006683836,Stagflation,,,,,,,,,,,24.541428571428572,128.75,81.546,7998700.0,,,,,,-0.0223826022322659
1999-10-29,0.0236547758965464,0.0843329050723296,0.0602879664904685,0.0828282159473388,,,24.54,5.9,5.63,,,,,,,,0.27,1.02,,,25.41,0.0,0.0,0.0,0.0,0.0,0.0,0.2700000000000004,,5.9,-0.1341268418099787,-0.6738318006683836,Stagflation,,,,,,,,,,,24.021428571428572,137.0,86.772,9372828.57142857,,,,,,0.064086527849312
1999-11-30,0.0183433303294167,0.0375822956734277,-0.0026341440268846,0.041415274953628,,,24.87,6.18,6.01,,,,,,,,0.17,0.88,,,24.18,0.0,0.0,0.0,0.0,0.0,0.0,0.1699999999999999,,6.18,-0.1341268418099787,-0.6738318006683836,Overheating,,,,,,,,,,,21.81809523809524,139.281,88.217,5954390.476190476,,,,,,0.0166528373207947
1999-12-31,0.0283122718127815,0.0722009335597548,0.032593021175719,0.1444274566479828,,,,6.45,6.24,,,,,,,,0.21,1.12,,,24.64,0.0,0.0,0.0,0.0,0.0,0.0,0.2099999999999999,,6.45,-0.1341268418099787,-0.6738318006683836,Overheating,,,,,,,,,,,22.15909090909091,146.875,93.253,5524059.090909091,,,,,,0.0570865026015393
2000-01-31,-0.0273875271086039,-0.0706604738241786,-0.0370588448912264,-0.0685579292371384,,,27.65,6.68,6.61,,,,,,,,0.07,0.92,,,24.95,0.0,0.0,0.0,0.0,0.0,0.0,0.0699999999999994,,6.68,-0.1341268418099787,-0.6738318006683836,Overheating,,,,,,,,,,,23.202,139.562,88.61,7838540.0,,,,,,-0.049789282918512
2000-02-29,-0.0139231561573178,-0.0272439143982682,-0.0500910806537198,0.0351834916326165,,,30.57,6.42,6.53,,,,,,,,-0.11,0.64,,,23.37,0.0,0.0,0.0,0.0,0.0,0.0,-0.1100000000000003,,6.42,-0.1341268418099787,-0.6738318006683836,Overheating,,,,,,,,,,,23.5955,137.438,87.261,9346915.0,,,,,,-0.0152240153481548
2000-03-31,0.1143065263167486,0.1100777689299006,0.0952914126144746,0.0929972310575495,,,26.86,6.03,6.5,,,,,,,,-0.47,0.15,,,24.11,0.0,0.0,0.0,0.0,0.0,0.0,-0.4699999999999997,,6.03,-0.1341268418099787,-0.6738318006683836,Overheating,,,,,,,,,,,22.718260869565217,150.375,95.716,10764995.652173912,,,,,,0.0968932283608943
2000-04-28,0.0111967175437832,-0.0394843650787819,-0.0072129782018239,-0.0523915593949919,,,26.86,6.03,6.5,,,,,,,,-0.47,0.15,,,24.11,0.0,0.0,0.0,0.0,0.0,0.0,-0.4699999999999997,,6.03,-0.1341268418099787,-0.6738318006683836,Overheating,,,,,,,,,,,27.164210526315788,145.094,92.355,12065589.47368421,,,,,,-0.0351142964603619
2000-05-31,-0.0154196120916114,-0.0151659093013948,-0.0093469420858199,-0.0615825678251831,,,29.03,6.29,6.69,,,,,,,,-0.4,0.66,,,23.65,0.0,0.0,0.0,0.0,0.0,0.0,-0.4000000000000003,,6.29,-0.1341268418099787,-0.6738318006683836,Overheating,,,,,,,,,,,26.37318181818182,142.812,90.903,7319272.727272728,,,,,,-0.0157219425044664
2000-06-30,-0.0272354903146391,0.040381924458746,-0.0064212856230118,0.0601351856848204,,,32.44,6.03,6.38,,,,,,,,-0.35,0.15,,,19.54,0.0,0.0,0.0,0.0,0.0,0.0,-0.3499999999999996,,6.03,-0.1341268418099787,-0.6738318006683836,Stagflation,,,,,,,,,,,21.54,145.281,92.694,5779363.636363637,,,,,,0.0197023200554437
2000-07-31,0.0075675015893366,-0.0093858104127504,-0.0108520735269939,-0.0173798237587669,,,27.5,6.04,6.3,,,,,,,,-0.26,-0.23,,,20.74,0.0,0.0,0.0,0.0,0.0,0.0,-0.2599999999999998,,6.04,-0.1341268418099787,-0.6738318006683836,Stagflation,,,,,,,,,,,19.893,143.0,91.238,5339005.0,,,,,,-0.015707597039722
2000-08-31,0.074378864650326,0.041645746355873,0.0519736048481256,0.0812417594449261,,,33.09,5.73,6.18,,,,,,,,-0.45,-0.58,,,16.84,0.0,0.0,0.0,0.0,0.0,0.0,-0.4499999999999993,,5.73,-0.1341268418099787,-0.6738318006683836,Recession,,,,,,,,,,,18.08869565217391,152.344,97.2,4450673.9130434785,,,,,,0.0653455796926719
2000-09-29,-0.0844163999589663,-0.0301085760417207,-0.0040084823404427,-0.0927162778834572,,,33.09,5.73,6.18,,,,,,,,-0.45,-0.58,,,16.84,0.0,0.0,0.0,0.0,0.0,0.0,-0.4499999999999993,,5.73,-0.1341268418099787,-0.6738318006683836,Recession,,,,,,,,,,,19.6875,143.625,91.872,5660150.0,,,,,,-0.0548148148148148
2000-10-31,0.0310927535497078,0.0138653744188692,0.0137018669300215,-0.045078265245283,,,32.7,5.77,5.94,,,,,,,,-0.17,-0.61,,,23.63,0.0,0.0,0.0,0.0,0.0,0.0,-0.1700000000000008,,5.77,-0.1341268418099787,-0.6738318006683836,Overheating,,,,,,,,,,,25.2,142.953,91.443,8108745.454545454,,,,,,-0.004669540229885
2000-11-30,-0.0453529822775434,-0.0656917325639773,-0.0320154193246642,-0.0411813371840971,,,33.61,5.48,5.61,,,,,,,,-0.13,-0.73,,,29.65,0.0,0.0,0.0,0.0,0.0,0.0,-0.1299999999999999,,5.48,-0.1341268418099787,-0.6738318006683836,Stagflation,,,,,,,,,,,26.38285714285714,132.281,84.616,7461900.0,,,,,,-0.0746585304506632
2000-12-29,0.028068316241411,-0.002967615987742,0.0328549611166997,0.0324735453634299,,,33.61,5.48,5.61,,,,,,,,-0.13,-0.73,,,29.65,0.0,0.0,0.0,0.0,0.0,0.0,-0.1299999999999999,,5.48,-0.1341268418099787,-0.6738318006683836,Stagflation,,,,,,,,,,,26.5305,131.188,84.18,8270835.0,,,,,,-0.0051526897986196
2001-01-31,0.0730886373911019,0.0139988022900892,-0.0135901974994671,-0.0399083621232438,,,28.62,5.19,4.62,,,,,,,,0.57,0.2,,,22.02,0.0,0.0,0.0,0.0,0.0,0.0,0.5700000000000003,,5.19,-0.1341268418099787,-0.6738318006683836,Stagflation,,,,,,,,,,,24.918571428571425,137.02,87.922,8633161.904761905,,,,,,0.0444523639819434
2001-02-28,-0.0508949008786501,-0.0828407676368399,-0.0328287826050622,-0.0810213212449879,,,27.35,4.92,4.41,,,,,,,,0.51,0.07,,,28.35,0.0,0.0,0.0,0.0,0.0,0.0,0.5099999999999998,,4.92,-0.1341268418099787,-0.6738318006683836,Stagflation,,,,,,,,,,,23.411578947368422,123.95,79.536,9400368.421052633,,,,,,-0.0953799959054616
2001-03-30,-0.0165064811418746,-0.0650719790409043,-0.044959002750907,-0.0770274125275267,,,27.35,4.92,4.41,,,,,,,,0.51,0.07,,,28.35,0.0,0.0,0.0,0.0,0.0,0.0,0.5099999999999998,,4.92,-0.1341268418099787,-0.6738318006683836,Stagflation,,,,,,,,,,,28.49681818181818,116.69,75.083,14463054.545454543,,,,,,-0.0559872259102796
2001-04-30,0.0602377846504538,0.0748645873567697,0.0549850743637714,0.0727298665327946,,,28.48,5.35,4.3,,,,,,,,1.05,1.4,,,25.48,0.0,0.0,0.0,0.0,0.0,0.0,1.0499999999999998,,5.35,-0.1341268418099787,-0.6738318006683836,Stagflation,,,,,,,,,,,28.133999999999997,126.66,81.498,12591985.0,,,,,,0.0854387810822689
2001-05-31,-0.008556153631221,0.0092644301184328,0.019049476233979,0.0011394924715273,,,28.39,5.43,4.22,,,,,,,,1.21,1.8,,,22.64,0.0,0.0,0.0,0.0,0.0,0.0,1.21,,5.43,-0.1341268418099787,-0.6738318006683836,Stagflation,,,,,,,,,,,22.944090909090907,125.95,81.041,9456363.636363637,,,,,,-0.0056074995705416
2001-06-29,0.010941987986514,-0.0269713625344535,-0.0386835744800455,-0.0338742321411411,,,28.39,5.43,4.22,,,,,,,,1.21,1.8,,,22.64,0.0,0.0,0.0,0.0,0.0,0.0,1.21,,5.43,-0.1341268418099787,-0.6738318006683836,Stagflation,,,,,,,,,,,20.94047619047619,122.6,79.11,9694200.0,,,,,,-0.0238274453671598
2001-07-31,0.0110533826417407,0.0064421681902786,0.0076952347684555,-0.0020654323281522,,,26.7,5.07,3.79,,,,,,,,1.28,1.53,,,21.62,0.0,0.0,0.0,0.0,0.0,0.0,1.2800000000000002,,5.07,-0.1341268418099787,-0.6738318006683836,Recession,,,,,,,,,,,22.31619047619047,121.35,78.303,9375852.38095238,,,,,,-0.010200985968904
2001-08-31,-0.0443099070279201,-0.0676545054044579,-0.0343230002556315,-0.0261918141335332,,,26.65,4.85,3.64,,,,,,,,1.21,1.48,,,24.92,0.0,0.0,0.0,0.0,0.0,0.0,1.2099999999999995,,4.85,-0.1341268418099787,-0.6738318006683836,Recession,,,,,,,,,,,21.86173913043478,114.15,73.657,11721721.739130436,,,,,,-0.0593336142931943
2001-09-28,-0.0974043467667649,-0.0614630085569299,-0.0497116861857011,-0.0645424770561255,,,26.65,4.85,3.64,,,,,,,,1.21,1.48,,,24.92,0.0,0.0,0.0,0.0,0.0,0.0,1.2099999999999995,,4.85,-0.1341268418099787,-0.6738318006683836,Recession,,,,,,,,,,,35.065333333333335,104.44,67.647,27943740.0,,,,,,-0.0815944173669848
2001-10-31,-0.0056286994581382,0.0188136135341423,-0.0116824239419457,-0.005944916860082,,,21.2,4.3,2.44,,,,,,,,1.86,2.25,,,33.56,0.0,0.0,0.0,0.0,0.0,0.0,1.86,,4.3,-0.1341268418099787,-0.6738318006683836,Recession,,,,,,,,,,,32.72130434782609,105.8,68.528,22287478.260869566,,,,,,0.0130234895856431
2001-11-30,0.0965027440549091,0.0749007389149221,0.0553146140119771,0.0657690821631273,,,19.46,4.78,2.84,,,,,,,,1.94,3.0,,,23.84,0.0,0.0,0.0,0.0,0.0,0.0,1.9400000000000004,,4.78,-0.1341268418099787,-0.6738318006683836,Stagflation,,,,,,,,,,,26.63095238095238,114.05,73.872,17738809.523809522,,,,,,0.0779827223908475
2001-12-31,0.0047406943268302,0.0131691464341252,0.0149155182081686,0.0173812945465623,,,19.96,5.07,3.07,,,,,,,,2.0,3.33,,,23.8,0.0,0.0,0.0,0.0,0.0,0.0,2.0000000000000004,,5.07,-0.1341268418099787,-0.6738318006683836,Recession,,,,,,,,,,,23.72,114.3,74.287,15420195.0,,,,,,0.0056178254277669
2002-01-31,0.0079322105715704,-0.011888733809929,-0.0083159309761361,0.0127701589648501,,,19.71,5.07,3.16,,,,,,,,1.91,3.31,,,21.09,0.0,0.0,0.0,0.0,0.0,0.0,1.91,,5.07,-0.1341268418099787,-0.6738318006683836,Overheating,,,,,,,,,,,22.252857142857145,113.18,73.559,16637142.857142856,,,,,,-0.0097998303875509
2002-02-28,-0.0202935316843021,-0.0015084749209175,0.0122132029569088,0.0103002511220318,,,21.78,4.88,3.06,,,,,,,,1.82,3.09,,,21.59,0.0,0.0,0.0,0.0,0.0,0.0,1.82,,4.88,-0.1341268418099787,-0.6738318006683836,Stagflation,,,,,,,,,,,22.87578947368421,111.15,72.239,22341715.789473683,,,,,,-0.0179447790209219
2002-03-29,0.059154385234462,0.0213099281846982,0.0322419602738857,0.0350863972297803,,,21.78,4.88,3.06,,,,,,,,1.82,3.09,,,21.59,0.0,0.0,0.0,0.0,0.0,0.0,1.82,,4.88,-0.1341268418099787,-0.6738318006683836,Stagflation,,,,,,,,,,,18.985,114.52,74.641,19278905.0,,,,,,0.0332507371364498
2002-04-30,-0.0103708574635896,-0.0733168698238175,-0.0336269944472727,0.0010003761738894,,,27.32,5.11,3.24,,,,,,,,1.87,3.34,,,21.91,0.0,0.0,0.0,0.0,0.0,0.0,1.87,,5.11,-0.1341268418099787,-0.6738318006683836,Overheating,,,,,,,,,,,19.900454545454547,107.86,70.3,18384590.90909091,,,,,,-0.0581583848019185
2002-05-31,0.0121859410917051,-0.0129223154900766,-0.0013144187088316,0.0017093264946541,,,25.37,5.08,3.22,,,,,,,,1.86,3.34,,,19.98,0.0,0.0,0.0,0.0,0.0,0.0,1.86,,5.08,-0.1341268418099787,-0.6738318006683836,Overheating,,,,,,,,,,,20.087727272727275,107.22,69.883,20573931.818181816,,,,,,-0.005931721194879
2002-06-28,-0.0896395903364363,-0.0557288034531395,-0.0550934313280473,-0.051043594399692,,,25.37,5.08,3.22,,,,,,,,1.86,3.34,,,19.98,0.0,0.0,0.0,0.0,0.0,0.0,1.86,,5.08,-0.1341268418099787,-0.6738318006683836,Overheating,,,,,,,,,,,25.271,98.96,64.729,26744175.0,,,,,,-0.0737518423650959
2002-07-31,-0.0869384995886466,-0.0717542982619938,-0.0642438609114403,-0.0608397293576052,,,27.02,4.51,2.23,,,,,,,,2.28,2.8,,,32.03,0.0,0.0,0.0,0.0,0.0,0.0,2.28,,4.51,-0.1341268418099787,-0.6738318006683836,Overheating,,,,,,,,,,,34.04954545454546,91.16,59.627,51102218.18181818,,,,,,-0.078820930340342
2002-08-30,0.0189764923372384,0.0037519035021307,0.0093206281336837,0.012980543808325,,,27.02,4.51,2.23,,,,,,,,2.28,2.8,,,32.03,0.0,0.0,0.0,0.0,0.0,0.0,2.28,,4.51,-0.1341268418099787,-0.6738318006683836,Overheating,,,,,,,,,,,33.74272727272727,91.78,60.032,42554145.45454545,,,,,,0.0067922249987421
2002-09-30,-0.1295427206864737,-0.1110140878495467,-0.0957976365750157,-0.0648129121003432,,,30.59,3.63,1.72,,,,,,,,1.91,2.06,,,39.69,0.0,0.0,0.0,0.0,0.0,0.0,1.91,,3.63,-0.1341268418099787,-0.6738318006683836,Stagflation,,,,,,,,,,,37.6475,81.79,53.738,50691430.0,,,,,,-0.1048440831556503
2002-10-31,0.071744404363732,0.1042666973496413,0.0439575771803246,0.010994601352863,,,27.18,3.93,1.68,,,,,,,,2.25,2.49,,,31.14,0.0,0.0,0.0,0.0,0.0,0.0,2.25,,3.93,-0.1341268418099787,-0.6738318006683836,Stagflation,,,,,,,,,,,35.24304347826087,88.52,58.159,58445569.56521739,,,,,,0.0822695299415683
2002-11-29,0.0604503855269649,0.0459527932250347,0.026049949014375,-0.0110122203291992,,,27.18,3.93,1.68,,,,,,,,2.25,2.49,,,31.14,0.0,0.0,0.0,0.0,0.0,0.0,2.25,,3.93,-0.1341268418099787,-0.6738318006683836,Stagflation,,,,,,,,,,,28.175,93.98,61.747,40912170.0,,,,,,0.0616929452019463
2002-12-31,-0.041669833347112,-0.053994261733533,-0.0201788583020227,-0.0200316758702402,,,31.21,3.83,1.61,,,,,,,,2.22,2.61,,,28.62,0.0,0.0,0.0,0.0,0.0,0.0,2.22,,3.83,-0.1341268418099787,-0.6738318006683836,Stagflation,,,,,,,,,,,28.21047619047619,88.23,58.25,34680280.952380955,,,,,,-0.0566343304128135
2003-01-31,-0.0199009519203553,-0.0368372109816015,-0.0329806911640859,-0.017890980593476,,,33.51,4.0,1.72,,,,,,,,2.28,2.82,,,31.17,0.0,0.0,0.0,0.0,0.0,0.0,2.28,,4.0,-0.1341268418099787,-0.6738318006683836,Overheating,,,,,,,,,,,27.424285714285713,86.06,56.817,43396185.71428572,,,,,,-0.0246008583690987
2003-02-28,-0.0337069038379541,-0.0189967511271774,-0.0226010780126607,-0.0082972610055257,,,36.76,3.71,1.53,,,,,,,,2.18,2.51,,,29.63,0.0,0.0,0.0,0.0,0.0,0.0,2.1799999999999997,,3.71,-0.1341268418099787,-0.6738318006683836,Stagflation,,,,,,,,,,,32.21842105263158,84.9,56.051,45381489.473684214,,,,,,-0.0134818804231128
2003-03-31,-0.0080696969458339,0.0087956480991471,0.0085263308730678,0.0107489302921981,,,31.14,3.83,1.51,,,,,,,,2.32,2.69,,,29.15,0.0,0.0,0.0,0.0,0.0,0.0,2.3200000000000003,,3.83,-0.1341268418099787,-0.6738318006683836,Recession,,,,,,,,,,,30.634285714285717,84.74,56.167,55089057.14285714,,,,,,0.0020695438083174
2003-04-30,0.0814097810177767,0.0737282218857022,0.0679607899506886,0.0607749326813378,,,26.09,3.89,1.51,,,,,,,,2.38,2.76,,,21.21,0.0,0.0,0.0,0.0,0.0,0.0,2.38,,3.89,-0.1341268418099787,-0.6738318006683836,Goldilocks,,,,,,,,,,,23.99190476190476,91.91,60.919,47434009.52380952,,,,,,0.0846048391404205
2003-05-30,0.0909244326600309,0.0490000486998387,0.0445686205144739,0.0474715033502559,,,26.09,3.89,1.51,,,,,,,,2.38,2.76,,,21.21,0.0,0.0,0.0,0.0,0.0,0.0,2.38,,3.89,-0.1341268418099787,-0.6738318006683836,Goldilocks,,,,,,,,,,,20.23952380952381,96.95,64.259,41976661.9047619,,,,,,0.0548269012951624
2003-06-30,0.0240936648086225,0.0076636952972872,0.008299527886673,0.0164208228459168,,,30.15,3.54,1.32,,,,,,,,2.22,2.64,,,19.52,0.0,0.0,0.0,0.0,0.0,0.0,2.22,,3.54,-0.1341268418099787,-0.6738318006683836,Recession,,,,,,,,,,,20.362380952380953,97.63,64.944,41331914.28571428,,,,,,0.0106599853716989
2003-07-31,0.0022774041487363,0.0181151014395173,0.0031448916075507,0.027370394767636,,,30.56,4.49,1.8,,,,,,,,2.69,3.53,,,19.49,0.0,0.0,0.0,0.0,0.0,0.0,2.6900000000000004,,4.49,-0.1341268418099787,-0.6738318006683836,Overheating,,,,,,,,,,,19.161363636363635,99.39,66.115,40693659.09090909,,,,,,0.018030918945553
2003-08-29,0.0200926319573266,0.0201505346064827,0.0085274103784254,0.0141191136025538,,,30.56,4.49,1.8,,,,,,,,2.69,3.53,,,19.49,0.0,0.0,0.0,0.0,0.0,0.0,2.6900000000000004,,4.49,-0.1341268418099787,-0.6738318006683836,Overheating,,,,,,,,,,,19.27428571428571,101.44,67.479,36795333.333333336,,,,,,0.0206307192013915
2003-09-30,-0.0067484309291206,-0.0138438399391439,-0.0028440978341719,-0.0072207710543062,,,29.19,3.96,1.5,,,,,,,,2.46,3.01,,,22.72,0.0,0.0,0.0,0.0,0.0,0.0,2.46,,3.96,-0.1341268418099787,-0.6738318006683836,Overheating,,,,,,,,,,,19.53238095238095,99.95,66.744,38976828.571428575,,,,,,-0.0108922775974747
2003-10-31,0.0560892949207676,0.0573689263626522,0.0445382460192447,0.0629701854843904,,,29.24,4.33,1.85,,,,,,,,2.48,3.37,,,16.1,0.0,0.0,0.0,0.0,0.0,0.0,2.48,,4.33,-0.1341268418099787,-0.6738318006683836,Goldilocks,,,,,,,,,,,18.023478260869567,105.3,70.317,36160908.69565217,,,,,,0.0535329018338727
2003-11-28,0.026436070016633,0.0055533561684464,0.0136761409819061,0.0100417637867673,,,29.24,4.33,1.85,,,,,,,,2.48,3.37,,,16.1,0.0,0.0,0.0,0.0,0.0,0.0,2.48,,4.33,-0.1341268418099787,-0.6738318006683836,Goldilocks,,,,,,,,,,,17.40105263157895,106.45,71.085,33192326.315789472,,,,,,0.0109219676607363
2003-12-31,0.0654382009515268,0.0506185498446929,0.0475991727997637,0.0219048432568929,,,32.51,4.27,1.84,,,,,,,,2.43,3.32,,,18.31,0.0,0.0,0.0,0.0,0.0,0.0,2.4299999999999997,,4.27,-0.1341268418099787,-0.6738318006683836,Stagflation,,,,,,,,,,,16.826363636363638,111.28,74.662,30834109.09090909,,,,,,0.0503200393894633
2004-01-30,0.0254523195508518,0.0089694568789862,0.0140652171841026,0.0251241859800384,,,32.51,4.27,1.84,,,,,,,,2.43,3.32,,,18.31,0.0,0.0,0.0,0.0,0.0,0.0,2.4299999999999997,,4.27,-0.1341268418099787,-0.6738318006683836,Stagflation,,,,,,,,,,,16.101,113.48,76.138,36883700.0,,,,,,0.0197690927111515
2004-02-27,0.0146714615198386,0.0055866938457087,0.0199982954336266,0.0137760825294455,,,33.16,4.16,1.84,,,,,,,,2.32,3.24,,,16.63,0.0,0.0,0.0,0.0,0.0,0.0,2.3200000000000003,,4.16,-0.1341268418099787,-0.6738318006683836,Overheating,,,,,,,,,,,15.99842105263158,115.02,77.172,35630363.15789474,,,,,,0.0135806036407575
2004-03-31,-0.0087820988014867,-0.0121564883288047,-0.0031791807136445,-0.0047603393878434,,,35.75,3.86,1.6,,,,,,,,2.26,2.91,,,16.74,0.0,0.0,0.0,0.0,0.0,0.0,2.26,,3.86,-0.1341268418099787,-0.6738318006683836,Recession,,,,,,,,,,,17.687391304347827,113.1,76.153,48913213.04347826,,,,,,-0.0132042709791115
2004-04-30,-0.016810634232218,-0.0010101549008302,-0.0136648982011273,-0.0442635820777408,,,37.31,4.53,2.31,,,,,,,,2.22,3.55,,,17.19,0.0,0.0,0.0,0.0,0.0,0.0,2.22,,4.53,-0.1341268418099787,-0.6738318006683836,Overheating,,,,,,,,,,,15.69857142857143,110.96,74.712,46124804.76190476,,,,,,-0.0189224324714719
2004-05-31,0.0064126553187702,0.0066702544263084,0.0088615263964479,0.0248540307641018,,,39.9,4.66,2.54,,,,,,,,2.12,3.58,,,15.5,0.0,0.0,0.0,0.0,0.0,0.0,2.12,,4.66,-0.1341268418099787,-0.6738318006683836,Overheating,,,,,,,,,,,17.705000000000002,112.86,75.992,49054195.0,,,,,,0.0171324552949994
2004-06-30,0.0339563701836274,0.0165883016265038,0.0133492401666597,0.0311113301754291,,,36.92,4.62,2.7,,,,,,,,1.92,3.29,,,14.34,0.0,0.0,0.0,0.0,0.0,0.0,1.92,,4.62,-0.1341268418099787,-0.6738318006683836,Stagflation,,,,,,,,,,,15.342727272727274,114.53,77.397,34375257.14285714,,,,,,0.0184887882935045
2004-07-30,-0.0319914703521698,-0.0324963167444056,-0.0228903129040866,-0.0496143299376939,,,36.92,4.62,2.7,,,,,,,,1.92,3.29,,,14.34,0.0,0.0,0.0,0.0,0.0,0.0,1.92,,4.62,-0.1341268418099787,-0.6738318006683836,Stagflation,,,,,,,,,,,15.502380952380951,110.84,74.903,45458057.14285714,,,,,,-0.0322234711939739
2004-08-31,0.0018789694843523,0.0044406750496615,0.022884732751139,0.0077821802441393,,,42.23,4.13,2.41,,,,,,,,1.72,2.54,,,15.29,0.0,0.0,0.0,0.0,0.0,0.0,1.7199999999999998,,4.13,-0.1341268418099787,-0.6738318006683836,Recession,,,,,,,,,,,16.68409090909091,111.11,75.086,41949636.36363637,,,,,,0.0024431598200339
2004-09-30,0.0289140860707899,0.0072393213433872,0.008185743795503,0.0545317699254246,,,49.56,4.14,2.63,,,,,,,,1.51,2.43,,,13.34,0.0,0.0,0.0,0.0,0.0,0.0,1.5099999999999998,,4.14,-0.1341268418099787,-0.6738318006683836,Stagflation,,,,,,,,,,,14.08095238095238,111.76,75.838,37661519.047619045,,,,,,0.0100151825906294
2004-10-29,0.0108671591460582,-6.75470938287237e-05,0.0122274253792487,0.0077881341515475,,,49.56,4.14,2.63,,,,,,,,1.51,2.43,,,13.34,0.0,0.0,0.0,0.0,0.0,0.0,1.5099999999999998,,4.14,-0.1341268418099787,-0.6738318006683836,Stagflation,,,,,,,,,,,14.973809523809525,113.2,76.815,49717680.952380955,,,,,,0.0128827237005195
2004-11-30,0.0802265318867176,0.0402135462970361,0.0447506341587735,0.0775326670909795,,,49.16,4.36,3.02,,,,,,,,1.34,2.13,,,13.24,0.0,0.0,0.0,0.0,0.0,0.0,1.3400000000000003,,4.36,-0.1341268418099787,-0.6738318006683836,Overheating,,,,,,,,,,,13.577619047619049,117.89,80.234,45790557.14285714,,,,,,0.0445095358979366
2004-12-31,0.0426746428866171,0.0416584710579732,0.0335955055377323,0.0199426073543718,,,,4.24,3.08,,,,,,,,1.16,2.02,,,13.29,0.0,0.0,0.0,0.0,0.0,0.0,1.16,,4.24,-0.1341268418099787,-0.6738318006683836,Goldilocks,,,,,,,,,,,12.459545454545456,120.87,82.654,41325918.18181818,,,,,,0.0301617768028516
2005-01-31,-0.0161934973015096,-0.0168130635286349,-0.0174124036076023,-0.0206930582835794,,,48.25,4.14,3.29,,,,,,,,0.85,1.63,,,12.82,0.0,0.0,0.0,0.0,0.0,0.0,0.8499999999999996,,4.14,-0.1341268418099787,-0.6738318006683836,Goldilocks,,,,,,,,,,,13.438,118.16,80.801,59210575.0,,,,,,-0.0224187577128753
2005-02-28,0.0346338609052072,0.0243655039545211,0.021228639986953,0.0600997609854876,,,51.75,4.36,3.59,,,,,,,,0.77,1.6,,,12.08,0.0,0.0,0.0,0.0,0.0,0.0,0.7700000000000005,,4.36,-0.1341268418099787,-0.6738318006683836,Overheating,,,,,,,,,,,11.708947368421052,120.63,82.49,53979389.473684214,,,,,,0.0209032066434821
2005-03-31,-0.0045346427318201,-0.0133791336687237,-0.0098469613223717,-0.0097379622203371,,,55.31,4.5,3.8,,,,,,,,0.7,1.71,,,14.02,0.0,0.0,0.0,0.0,0.0,0.0,0.7000000000000002,,4.5,-0.1341268418099787,-0.6738318006683836,Stagflation,,,,,,,,,,,13.126363636363635,117.96,80.982,60479490.90909091,,,,,,-0.0182810037580312
2005-04-29,-0.0324021255943268,-0.0277118178184442,0.0011863482259899,-0.0389720387638559,,,55.31,4.5,3.8,,,,,,,,0.7,1.71,,,14.02,0.0,0.0,0.0,0.0,0.0,0.0,0.7000000000000002,,4.5,-0.1341268418099787,-0.6738318006683836,Stagflation,,,,,,,,,,,14.459047619047618,115.75,79.464,77777071.42857143,,,,,,-0.0187449062754686
2005-05-31,0.0360647553689874,0.0340174384344325,0.02194269373242,0.0385423879794715,,,52.08,4.0,3.6,,,,,,,,0.4,1.01,,,13.29,0.0,0.0,0.0,0.0,0.0,0.0,0.3999999999999999,,4.0,-0.1341268418099787,-0.6738318006683836,Recession,,,,,,,,,,,13.967619047619047,119.48,82.025,63554633.333333336,,,,,,0.0322284304842444
2005-06-30,0.0059255674760771,0.0083272543503574,0.0051299312808945,0.0369211515297926,,,56.63,3.94,3.66,,,,,,,,0.28,0.81,,,12.04,0.0,0.0,0.0,0.0,0.0,0.0,0.2799999999999998,,3.94,-0.1341268418099787,-0.6738318006683836,Goldilocks,,,,,,,,,,,11.868636363636364,119.18,82.148,49514677.27272727,,,,,,0.0014995428223102
2005-07-29,0.0401814163723774,0.0379732318067682,0.0281527346179244,0.0414986619491377,,,56.63,3.94,3.66,,,,,,,,0.28,0.81,,,12.04,0.0,0.0,0.0,0.0,0.0,0.0,0.2799999999999998,,3.94,-0.1341268418099787,-0.6738318006683836,Goldilocks,,,,,,,,,,,11.049,123.74,85.291,58815320.0,,,,,,0.0382602132736037
2005-08-31,0.0044844618025412,-0.0198938845347806,-0.0109367234675854,0.0171365535947787,,,68.63,4.02,3.84,,,,,,,,0.18,0.5,,,12.6,0.0,0.0,0.0,0.0,0.0,0.0,0.1799999999999997,,4.02,-0.1341268418099787,-0.6738318006683836,Overheating,,,,,,,,,,,12.951304347826088,122.58,84.492,56807165.217391305,,,,,,-0.0093679286208392
2005-09-30,0.0265734113340065,0.0061950196446727,0.0041662200789711,0.040485430425887,,,66.21,4.34,4.18,,,,,,,,0.16,0.79,,,11.92,0.0,0.0,0.0,0.0,0.0,0.0,0.1600000000000001,,4.34,-0.1341268418099787,-0.6738318006683836,Stagflation,,,,,,,,,,,12.628095238095238,123.04,85.167,61285952.38095238,,,,,,0.007988922028121
2005-10-31,-0.0230771804433451,-0.0052655574959895,-0.0136741198697735,-0.0305926878977936,,,59.8,4.57,4.4,,,,,,,,0.17,0.59,,,15.32,0.0,0.0,0.0,0.0,0.0,0.0,0.1699999999999999,,4.57,-0.1341268418099787,-0.6738318006683836,Overheating,,,,,,,,,,,14.937619047619048,120.13,83.153,84979352.38095239,,,,,,-0.0236476569563328
2005-11-30,0.0429159450154923,0.0405778193615549,0.030085262170332,0.0314630860840834,,,57.33,4.49,4.42,,,,,,,,0.07,0.54,,,12.06,0.0,0.0,0.0,0.0,0.0,0.0,0.0700000000000002,,4.49,-0.1341268418099787,-0.6738318006683836,Goldilocks,,,,,,,,,,,12.147619047619049,125.41,86.808,56368228.571428575,,,,,,0.0439551188772503
2005-12-30,0.0135074514917226,-0.0122383466250285,0.0057991273604873,0.0174899579103369,,,57.33,4.49,4.42,,,,,,,,0.07,0.54,,,12.06,0.0,0.0,0.0,0.0,0.0,0.0,0.0700000000000002,,4.49,-0.1341268418099787,-0.6738318006683836,Goldilocks,,,,,,,,,,,11.26,124.51,86.643,51102228.571428575,,,,,,-0.0019007464749792
2006-01-31,0.0406021433785759,0.0125928660708878,0.0223949868877182,0.0656338032894512,,,67.86,4.53,4.54,,,,,,,,-0.01,0.06,,,12.95,0.0,0.0,0.0,0.0,0.0,0.0,-0.0099999999999997,,4.53,-0.1341268418099787,-0.6738318006683836,Overheating,,,,,,,,,,,12.036,127.5,88.724,61695540.0,,,,,,0.0240180972496335
2006-02-28,-0.0035548705701359,0.0057523664702761,0.004082511519589,-0.0376280256249511,,,61.37,4.55,4.69,,,,,,,,-0.14,-0.07,,,12.34,0.0,0.0,0.0,0.0,0.0,0.0,-0.1400000000000005,,4.55,-0.1341268418099787,-0.6738318006683836,Overheating,,,,,,,,,,,12.471052631578948,128.23,89.232,60276021.05263158,,,,,,0.005725621027005
2006-03-31,0.0115035940441026,0.0118965013113978,0.0066633827110316,0.0181100999710701,,,66.25,4.86,4.82,,,,,,,,0.04,0.23,,,11.39,0.0,0.0,0.0,0.0,0.0,0.0,0.04,,4.86,-0.1341268418099787,-0.6738318006683836,Overheating,,,,,,,,,,,11.69391304347826,129.83,90.704,58729439.13043478,,,,,,0.0164963241886318
2006-04-28,0.0243619344503673,0.0090842403950497,0.006051087613456,0.0117995129636878,,,66.25,4.86,4.82,,,,,,,,0.04,0.23,,,11.39,0.0,0.0,0.0,0.0,0.0,0.0,0.04,,4.86,-0.1341268418099787,-0.6738318006683836,Overheating,,,,,,,,,,,11.84736842105263,131.47,91.85,68438310.5263158,,,,,,0.01263450343976
2006-05-31,-0.0255922099930711,-0.0354490053509904,-0.0189788895477479,-0.0414864232170456,,,71.42,5.12,5.04,,,,,,,,0.08,0.26,,,16.44,0.0,0.0,0.0,0.0,0.0,0.0,0.08,,5.12,-0.1341268418099787,-0.6738318006683836,Stagflation,,,,,,,,,,,14.454545454545457,127.51,89.083,79670322.72727273,,,,,,-0.0301252041371801
2006-06-30,0.0029085537708923,0.0009341648485323,0.008680791422692,0.0092189092846477,,,73.94,5.15,5.16,,,,,,,,-0.01,0.14,,,13.08,0.0,0.0,0.0,0.0,0.0,0.0,-0.0099999999999997,,5.15,-0.1341268418099787,-0.6738318006683836,Overheating,,,,,,,,,,,16.918636363636363,127.28,89.319,98355877.27272728,,,,,,0.0026492147772302
2006-07-31,0.0113366568711077,-0.0033633068071726,0.0195357597563134,-0.0326283796769422,,,74.56,4.99,4.97,,,,,,,,0.02,-0.11,,,14.95,0.0,0.0,0.0,0.0,0.0,0.0,0.0200000000000004,,4.99,-0.1341268418099787,-0.6738318006683836,Overheating,,,,,,,,,,,15.326,127.85,89.719,84565070.0,,,,,,0.0044783304783976
2006-08-31,0.0282573659837781,0.0261773190602776,0.0189427224107667,-0.0077192746950973,,,70.38,4.74,4.79,,,,,,,,-0.05,-0.31,,,12.31,0.0,0.0,0.0,0.0,0.0,0.0,-0.0499999999999998,,4.74,-0.1341268418099787,-0.6738318006683836,Overheating,,,,,,,,,,,13.35173913043478,130.64,91.676,61754147.82608695,,,,,,0.0218125480667417
2006-09-29,0.0209314345714015,0.0268596859888792,0.0138410656587819,0.0198138721947833,,,70.38,4.74,4.79,,,,,,,,-0.05,-0.31,,,12.31,0.0,0.0,0.0,0.0,0.0,0.0,-0.0499999999999998,,4.74,-0.1341268418099787,-0.6738318006683836,Overheating,,,,,,,,,,,12.1845,133.58,94.151,68184395.0,,,,,,0.0269972511889698
2006-10-31,0.0360537150264448,0.0384335416290091,0.0293037833441001,0.0483684824152259,,,58.72,4.61,4.71,,,,,,,,-0.1,-0.47,,,11.1,0.0,0.0,0.0,0.0,0.0,0.0,-0.0999999999999996,,4.61,-0.1341268418099787,-0.6738318006683836,Goldilocks,,,,,,,,,,,11.306363636363637,137.79,97.118,65606550.0,,,,,,0.0315132075070896
2006-11-30,0.0219697289384981,0.0222317115733621,0.0188825222354311,0.0412500398129622,,,62.97,4.46,4.62,,,,,,,,-0.16,-0.57,,,10.91,0.0,0.0,0.0,0.0,0.0,0.0,-0.1600000000000001,,4.46,-0.1341268418099787,-0.6738318006683836,Recession,,,,,,,,,,,10.817619047619049,140.53,99.049,71526661.90476191,,,,,,0.0198830288926872
2006-12-29,0.0141597946575426,0.0076080655898793,0.0116295807137229,0.0141325933730378,,,62.97,4.46,4.62,,,,,,,,-0.16,-0.57,,,10.91,0.0,0.0,0.0,0.0,0.0,0.0,-0.1600000000000001,,4.46,-0.1341268418099787,-0.6738318006683836,Recession,,,,,,,,,,,10.9645,141.62,100.374,60637840.0,,,,,,0.0133772173368736
2007-01-31,0.0240440946270794,0.0116078464269482,0.0175270410238197,0.0381668165504527,,,58.17,4.83,4.94,,,,,,,,-0.11,-0.29,,,10.42,0.0,0.0,0.0,0.0,0.0,0.0,-0.1100000000000003,,4.83,-0.1341268418099787,-0.6738318006683836,Stagflation,,,,,,,,,,,11.0425,143.75,101.883,66516495.0,,,,,,0.0150337736864128
2007-02-28,-0.0171045115551995,-0.0188838257480477,-0.012293770123076,-0.0291780389835492,,,61.78,4.56,4.65,,,,,,,,-0.09,-0.6,,,15.42,0.0,0.0,0.0,0.0,0.0,0.0,-0.0900000000000007,,4.56,-0.1341268418099787,-0.6738318006683836,Overheating,,,,,,,,,,,11.155263157894735,140.93,99.885,78660468.42105263,,,,,,-0.0196107299549483
2007-03-30,0.0186576708744288,0.0085509913493131,0.0056480942081538,0.0230002716640642,,,61.78,4.56,4.65,,,,,,,,-0.09,-0.6,,,15.42,0.0,0.0,0.0,0.0,0.0,0.0,-0.0900000000000007,,4.56,-0.1341268418099787,-0.6738318006683836,Overheating,,,,,,,,,,,15.162727272727272,142.0,101.043,132650200.0,,,,,,0.011593332332182
2007-04-30,0.0423751846603834,0.0485261079841561,0.0372294486193103,0.0381667305608386,,,65.78,4.63,4.6,,,,,,,,0.03,-0.28,,,14.22,0.0,0.0,0.0,0.0,0.0,0.0,0.0300000000000002,,4.63,-0.1341268418099787,-0.6738318006683836,Overheating,,,,,,,,,,,12.933000000000002,148.29,105.519,89564495.0,,,,,,0.0442979721504705
2007-05-31,0.0342147539100707,0.0368676631017328,0.0258569999516626,0.0359981296531826,,,64.02,4.9,4.92,,,,,,,,-0.02,0.17,,,13.05,0.0,0.0,0.0,0.0,0.0,0.0,-0.0199999999999995,,4.9,-0.1341268418099787,-0.6738318006683836,Stagflation,,,,,,,,,,,13.297727272727274,153.32,109.098,114008090.9090909,,,,,,0.0339180621499445
2007-06-29,-0.0238611908451061,-0.014057740252245,-0.0306846663566295,-0.0273862785185895,,,64.02,4.9,4.92,,,,,,,,-0.02,0.17,,,13.05,0.0,0.0,0.0,0.0,0.0,0.0,-0.0199999999999995,,4.9,-0.1341268418099787,-0.6738318006683836,Stagflation,,,,,,,,,,,14.947619047619046,150.43,107.501,166804066.66666666,,,,,,-0.0146382151826797
2007-07-31,-0.0434040079673527,-0.0220578300882725,-0.0308831112383503,-0.0324562579846314,,,78.2,4.78,4.56,,,,,,,,0.22,-0.18,,,23.52,0.0,0.0,0.0,0.0,0.0,0.0,0.2200000000000006,,4.78,-0.1341268418099787,-0.6738318006683836,Overheating,,,,,,,,,,,17.273333333333333,145.72,104.135,189936961.9047619,,,,,,-0.0313113366387289
2007-08-31,0.0083646019298202,0.0136566527879435,0.0206790340066871,0.0128608659720566,,,73.98,4.54,4.15,,,,,,,,0.39,0.53,,,23.38,0.0,0.0,0.0,0.0,0.0,0.0,0.3899999999999997,,4.54,-0.1341268418099787,-0.6738318006683836,Recession,,,,,,,,,,,25.02608695652174,147.59,105.471,269387765.2173913,,,,,,0.012829500168051
2007-09-28,0.0206113552470947,0.0400878714645502,0.0363321501654065,0.0706140218382331,,,73.98,4.54,4.15,,,,,,,,0.39,0.53,,,23.38,0.0,0.0,0.0,0.0,0.0,0.0,0.3899999999999997,,4.54,-0.1341268418099787,-0.6738318006683836,Recession,,,,,,,,,,,22.198947368421052,152.58,109.553,156158378.9473684,,,,,,0.03870258175233
2007-10-31,0.006932825155844,0.0230933666313812,0.0121151985277518,0.0438540567926277,,,94.16,4.48,3.94,,,,,,,,0.54,0.54,,,18.53,0.0,0.0,0.0,0.0,0.0,0.0,0.5400000000000005,,4.48,-0.1341268418099787,-0.6738318006683836,Overheating,,,,,,,,,,,19.115652173913045,154.65,111.039,167394330.4347826,,,,,,0.0135642109298695
2007-11-30,-0.0391828805393271,-0.0291494321547679,-0.0239914639024494,-0.0330469293054314,,,88.6,3.97,3.04,,,,,,,,0.93,0.82,,,22.87,0.0,0.0,0.0,0.0,0.0,0.0,0.9300000000000002,,3.97,-0.1341268418099787,-0.6738318006683836,Overheating,,,,,,,,,,,25.58238095238095,148.66,106.738,260605233.33333337,,,,,,-0.0387341384558578
2007-12-31,-0.0165561311530251,0.001720253396974,-0.0118263099376189,0.0313647789201865,,,95.95,4.04,3.05,,,,,,,,0.99,0.68,,,22.5,0.0,0.0,0.0,0.0,0.0,0.0,0.9900000000000002,,4.04,-0.1341268418099787,-0.6738318006683836,Stagflation,,,,,,,,,,,21.651,146.21,105.529,164689375.0,,,,,,-0.0113268002023646
2008-01-31,-0.0451758108423284,-0.071572609460594,-0.0462000968759948,-0.1158644634781633,,,91.67,3.67,2.17,,,,,,,,1.5,1.71,,,26.2,0.0,0.0,0.0,0.0,0.0,0.0,1.5,,3.67,-0.1341268418099787,-0.6738318006683836,Stagflation,,,,,,,,,,,25.81619047619047,137.37,99.148,290801633.3333333,,,,,,-0.0604667911190288
2008-02-29,-0.024824371673922,-0.0228549289903456,-0.0300325327843676,-0.0040202642479659,,,101.78,3.53,1.65,,,,,,,,1.88,1.68,,,26.54,0.0,0.0,0.0,0.0,0.0,0.0,1.88,,3.53,-0.1341268418099787,-0.6738318006683836,Stagflation,,,,,,,,,,,25.456,133.82,96.586,207551430.0,,,,,,-0.0258401581474159
2008-03-31,-0.030052273411814,0.0023382213653821,-3.0939828788434376e-05,-0.0040179079297903,,,101.54,3.45,1.62,,,,,,,,1.83,2.07,,,25.61,0.0,0.0,0.0,0.0,0.0,0.0,1.83,,3.45,-0.1341268418099787,-0.6738318006683836,Stagflation,,,,,,,,,,,27.103500000000004,131.97,95.714,273106090.0,,,,,,-0.0090282235520675
2008-04-30,0.0538219063443363,0.0368887305486655,0.0422891455143468,0.0839303977870775,,,113.7,3.77,2.29,,,,,,,,1.48,2.34,,,20.79,0.0,0.0,0.0,0.0,0.0,0.0,1.48,,3.77,-0.1341268418099787,-0.6738318006683836,Stagflation,,,,,,,,,,,21.562727272727273,138.26,100.276,182484209.0909091,,,,,,0.0476628288442652
2008-05-30,0.0211370377588875,0.0308122067356577,0.0107678371550472,0.0403033236442549,,,113.7,3.77,2.29,,,,,,,,1.48,2.34,,,20.79,0.0,0.0,0.0,0.0,0.0,0.0,1.48,,3.77,-0.1341268418099787,-0.6738318006683836,Stagflation,,,,,,,,,,,18.303333333333335,140.35,101.791,173666523.80952382,,,,,,0.0151083010889943
2008-06-30,-0.0941601758550403,-0.0651780562864301,-0.0670923289534556,-0.013400180940837,,,139.96,3.99,2.63,,,,,,,,1.36,2.09,,,23.95,0.0,0.0,0.0,0.0,0.0,0.0,1.3600000000000003,,3.99,-0.1341268418099787,-0.6738318006683836,Stagflation,,,,,,,,,,,22.11047619047619,127.98,93.292,257568095.2380952,,,,,,-0.0834946115078936
2008-07-31,-0.0140213544979113,-0.0213695628061787,0.0193209977506405,-0.0915866491273714,,,124.17,3.99,2.52,,,,,,,,1.47,2.31,,,22.94,0.0,0.0,0.0,0.0,0.0,0.0,1.4700000000000002,,3.99,-0.1341268418099787,-0.6738318006683836,Stagflation,,,,,,,,,,,24.321818181818184,126.83,92.454,325282127.27272725,,,,,,-0.0089825494147408
2008-08-29,0.0196757940626584,0.0202974383154521,0.0187751459757314,-0.007566842200164,,,124.17,3.99,2.52,,,,,,,,1.47,2.31,,,22.94,0.0,0.0,0.0,0.0,0.0,0.0,1.4700000000000002,,3.99,-0.1341268418099787,-0.6738318006683836,Stagflation,,,,,,,,,,,20.695714285714285,128.79,93.882,206874071.42857143,,,,,,0.0154455188526185
2008-09-30,-0.0956244906050353,-0.0707005999117199,-0.0288947398375063,-0.155073589188339,,,100.7,3.85,2.0,,,,,,,,1.85,2.93,,,39.39,0.0,0.0,0.0,0.0,0.0,0.0,1.85,,3.85,-0.1341268418099787,-0.6738318006683836,Stagflation,,,,,,,,,,,30.23857142857143,115.99,85.022,385961376.1904762,,,,,,-0.0943737883726379
2008-10-31,-0.18324482430528,-0.1577273045726115,-0.1452649120918566,-0.1443635202741604,,,68.1,4.01,1.56,,,,,,,,2.45,3.55,,,59.89,0.0,0.0,0.0,0.0,0.0,0.0,2.4499999999999997,,4.01,-0.1341268418099787,-0.6738318006683836,Recession,,,,,,,,,,,61.17739130434782,96.83,70.978,516624008.6956522,,,,,,-0.1651807767401378
2008-11-28,-0.0864579885741577,-0.0407977275272057,-0.0512233729479107,-0.0840652765549703,,,68.1,4.01,1.56,,,,,,,,2.45,3.55,,,59.89,0.0,0.0,0.0,0.0,0.0,0.0,2.4499999999999997,,4.01,-0.1341268418099787,-0.6738318006683836,Recession,,,,,,,,,,,62.66894736842105,90.09,66.037,461170368.42105263,,,,,,-0.0696131195581729
2008-12-31,0.0557612462955536,0.0094225238233374,-0.0001485562140236,0.0148679325954186,,,44.6,2.25,0.76,,,,,,,,1.49,2.14,,,40.0,0.0,0.0,0.0,0.0,0.0,0.0,1.49,,2.25,-0.1341268418099787,-0.6738318006683836,Recession,,,,,,,,,,,52.405,90.24,66.687,314542168.1818182,,,,,,0.0098429668216302
2009-01-30,-0.0828300664722231,-0.0702057824790062,-0.0892206284708625,-0.0909693161863792,,,44.6,2.25,0.76,,,,,,,,1.49,2.14,,,40.0,0.0,0.0,0.0,0.0,0.0,0.0,1.49,,2.25,-0.1341268418099787,-0.6738318006683836,Recession,,,,,,,,,,,44.683,82.83,61.211,343601970.0,,,,,,-0.0821149549387436
2009-02-27,-0.1481621136245356,-0.0963181788277481,-0.0962148064962845,-0.0991009974066329,,,41.73,2.87,0.94,,,,,,,,1.93,2.63,,,44.84,0.0,0.0,0.0,0.0,0.0,0.0,1.93,,2.87,-0.1341268418099787,-0.6738318006683836,Stagflation,,,,,,,,,,,45.57052631578947,73.93,54.634,382899605.2631579,,,,,,-0.1074480077110323
2009-03-31,0.1004150760658946,0.0864702013196705,0.0662042214068785,0.063308726814139,,,49.64,2.71,0.81,,,,,,,,1.9,2.5,,,44.14,0.0,0.0,0.0,0.0,0.0,0.0,1.9,,2.71,-0.1341268418099787,-0.6738318006683836,Recession,,,,,,,,,,,44.79545454545455,79.52,59.194,400634531.8181818,,,,,,0.0834645092799355
2009-04-30,0.1482519415564944,0.0680507416277413,0.0727149958100692,0.0577960177106811,,,50.35,3.16,0.91,,,,,,,,2.25,3.02,,,36.5,0.0,0.0,0.0,0.0,0.0,0.0,2.25,,3.16,-0.1341268418099787,-0.6738318006683836,Stagflation,,,,,,,,,,,38.063809523809525,87.42,65.075,286809838.0952381,,,,,,0.0993512856032706
2009-05-29,0.0917143023663258,0.0534279584851353,0.0443268177092961,0.0442218877866371,,,50.35,3.16,0.91,,,,,,,,2.25,3.02,,,36.5,0.0,0.0,0.0,0.0,0.0,0.0,2.25,,3.16,-0.1341268418099787,-0.6738318006683836,Stagflation,,,,,,,,,,,31.978,92.53,68.879,259786780.0,,,,,,0.0584556281213983
2009-06-30,0.0029963851046952,0.0119066720035363,0.0107703565421253,0.023694645600282,,,69.82,3.53,1.11,,,,,,,,2.42,3.34,,,26.35,0.0,0.0,0.0,0.0,0.0,0.0,2.42,,3.53,-0.1341268418099787,-0.6738318006683836,Stagflation,,,,,,,,,,,29.140454545454546,91.95,68.832,229766136.36363637,,,,,,-0.0006823560156215
2009-07-31,0.0960746053835397,0.0607695952226834,0.0629095801332375,0.065608609782964,,,69.26,3.52,1.13,,,,,,,,2.39,3.34,,,25.92,0.0,0.0,0.0,0.0,0.0,0.0,2.39,,3.52,-0.1341268418099787,-0.6738318006683836,Goldilocks,,,,,,,,,,,26.16272727272727,98.81,73.968,195265663.63636363,,,,,,0.0746164574616457
2009-08-31,0.0663357762942848,0.0266263732904807,0.0301842746131135,0.012467158378284,,,69.97,3.4,0.97,,,,,,,,2.43,3.25,,,26.01,0.0,0.0,0.0,0.0,0.0,0.0,2.4299999999999997,,3.4,-0.1341268418099787,-0.6738318006683836,Overheating,,,,,,,,,,,25.337142857142855,102.46,76.7,188455942.85714287,,,,,,0.0369348907635734
2009-09-30,0.0355170397021973,0.0326167167249111,0.0349164892338127,0.0382648115763164,,,70.46,3.31,0.95,,,,,,,,2.36,3.17,,,25.61,0.0,0.0,0.0,0.0,0.0,0.0,2.3600000000000003,,3.31,-0.1341268418099787,-0.6738318006683836,Overheating,,,,,,,,,,,24.92666666666667,105.59,79.419,179902700.0,,,,,,0.0354498044328552
2009-10-30,-0.0280859314223124,-0.007471918529103,-0.0251388207915327,-0.0295928498742025,,,70.46,3.31,0.95,,,,,,,,2.36,3.17,,,25.61,0.0,0.0,0.0,0.0,0.0,0.0,2.3600000000000003,,3.31,-0.1341268418099787,-0.6738318006683836,Overheating,,,,,,,,,,,24.252272727272725,103.56,77.892,203713672.72727272,,,,,,-0.0192271370830657
2009-11-30,0.0588615460172097,0.0576677795300604,0.0574915480302076,0.0681315353457518,,,77.19,3.21,0.67,,,,,,,,2.54,3.15,,,24.51,0.0,0.0,0.0,0.0,0.0,0.0,2.54,,3.21,-0.1341268418099787,-0.6738318006683836,Overheating,,,,,,,,,,,23.789,109.94,82.691,171543310.0,,,,,,0.0616109484927848
2009-12-31,0.03093899495194,0.0183060116129543,0.0194350950736834,0.0289871402303114,,,79.39,3.85,1.14,,,,,,,,2.71,3.79,,,21.68,0.0,0.0,0.0,0.0,0.0,0.0,2.71,,3.85,-0.1341268418099787,-0.6738318006683836,Recession,,,,,,,,,,,21.239545454545453,111.44,84.268,131085718.1818182,,,,,,0.0190709992623139
2010-01-29,-0.0277988720147207,-0.035216400397617,-0.025763718036856,-0.0642104073408336,,,79.39,3.85,1.14,,,,,,,,2.71,3.79,,,21.68,0.0,0.0,0.0,0.0,0.0,0.0,2.71,,3.85,-0.1341268418099787,-0.6738318006683836,Recession,,,,,,,,,,,20.643157894736845,107.39,81.206,195096963.15789473,,,,,,-0.0363364503726206
2010-02-26,0.0388815453444955,0.0187411444305984,0.0212146381353151,0.0481149258989301,,,72.85,3.63,0.82,,,,,,,,2.81,3.55,,,24.62,0.0,0.0,0.0,0.0,0.0,0.0,2.81,,3.63,-0.1341268418099787,-0.6738318006683836,Goldilocks,,,,,,,,,,,22.54,110.74,83.739,234311178.9473684,,,,,,0.0311922764327759
2010-03-31,0.0596574879213254,0.0558971830118231,0.0369340713548937,0.0736357384064239,,,83.45,3.84,1.02,,,,,,,,2.82,3.68,,,17.59,0.0,0.0,0.0,0.0,0.0,0.0,2.82,,3.84,-0.1341268418099787,-0.6738318006683836,Recession,,,,,,,,,,,17.767391304347825,117.0,88.839,169551673.91304347,,,,,,0.0609035216565757
2010-04-30,0.0093136647402052,0.0154484937701333,0.0086438233585743,0.005679086114964,,,86.07,3.69,0.97,,,,,,,,2.72,3.53,,,22.05,0.0,0.0,0.0,0.0,0.0,0.0,2.72,,3.69,-0.1341268418099787,-0.6738318006683836,Goldilocks,,,,,,,,,,,17.424285714285716,118.81,90.213,185099509.52380952,,,,,,0.0154661803937459
2010-05-31,-0.0893389290698816,-0.0805247253835724,-0.0584426514996181,-0.0681174671023054,,,74.0,3.31,0.76,,,,,,,,2.55,3.15,,,32.07,0.0,0.0,0.0,0.0,0.0,0.0,2.55,,3.31,-0.1341268418099787,-0.6738318006683836,Goldilocks,,,,,,,,,,,31.9295,109.37,83.045,370693940.0,,,,,,-0.0794563976367042
2010-06-30,-0.072692464082501,-0.0344347623687384,-0.0161175140065792,-0.054662311927625,,,75.59,2.97,0.61,,,,,,,,2.36,2.79,,,34.54,0.0,0.0,0.0,0.0,0.0,0.0,2.3600000000000003,,2.97,-0.1341268418099787,-0.6738318006683836,Recession,,,,,,,,,,,29.91636363636363,103.22,78.748,259366345.45454547,,,,,,-0.0517430308868685
2010-07-30,0.0655407969439181,0.0611671084596896,0.0478570239296667,0.0769729433519941,,,75.59,2.97,0.61,,,,,,,,2.36,2.79,,,34.54,0.0,0.0,0.0,0.0,0.0,0.0,2.3600000000000003,,2.97,-0.1341268418099787,-0.6738318006683836,Recession,,,,,,,,,,,25.565238095238097,110.27,84.126,225019142.85714287,,,,,,0.0682937979377254
2010-08-31,-0.0527193245080239,-0.0329543897358821,-0.0134218104112522,-0.0431663410414389,,,71.93,2.47,0.47,,,,,,,,2.0,2.33,,,26.05,0.0,0.0,0.0,0.0,0.0,0.0,2.0,,2.47,-0.1341268418099787,-0.6738318006683836,Recession,,,,,,,,,,,24.74590909090909,105.31,80.342,206453254.54545453,,,,,,-0.0449801488243824
2010-09-30,0.1003809372611266,0.0899774432551947,0.0711020228151975,0.1035656227392138,,,79.95,2.53,0.42,,,,,,,,2.11,2.37,,,23.7,0.0,0.0,0.0,0.0,0.0,0.0,2.11,,2.53,-0.1341268418099787,-0.6738318006683836,Recession,,,,,,,,,,,22.517619047619046,114.13,87.537,192173452.3809524,,,,,,0.0895546538547708
2010-10-29,0.0396239655523518,0.0402818063361338,0.0324909984416514,0.0492036640935036,,,79.95,2.53,0.42,,,,,,,,2.11,2.37,,,23.7,0.0,0.0,0.0,0.0,0.0,0.0,2.11,,2.53,-0.1341268418099787,-0.6738318006683836,Recession,,,,,,,,,,,20.37333333333333,118.49,90.881,179404323.80952382,,,,,,0.0382009892959548
2010-11-30,-0.0096640994569908,-0.0001827597935011,-0.0083635247675486,0.0192088349097556,,,84.12,2.81,0.45,,,,,,,,2.36,2.64,,,23.54,0.0,0.0,0.0,0.0,0.0,0.0,2.36,,2.81,-0.1341268418099787,-0.6738318006683836,Stagflation,,,,,,,,,,,20.095714285714287,118.49,90.881,189700423.80952385,,,,,,0.0
2010-12-31,0.0803097840895541,0.0491697445080379,0.0495675481056743,0.041938694538645,,,91.38,3.3,0.61,,,,,,,,2.69,3.18,,,17.75,0.0,0.0,0.0,0.0,0.0,0.0,2.69,,3.3,-0.1341268418099787,-0.6738318006683836,Overheating,,,,,,,,,,,17.56954545454545,125.75,96.956,123761359.0909091,,,,,,0.06684565530749
2011-01-31,0.0372640161541955,0.0156155438294509,-0.0015363015565988,0.005657883536783,,,90.99,3.42,0.58,,,,,,,,2.84,3.27,,,19.53,0.0,0.0,0.0,0.0,0.0,0.0,2.84,,3.42,-0.1341268418099787,-0.6738318006683836,Stagflation,,,,,,,,,,,17.3155,128.68,99.215,143015735.0,,,,,,0.0232992285160278
2011-02-28,0.0447497459787018,0.032125102717966,0.0310112885488464,0.0403209242655744,,,97.1,3.42,0.69,,,,,,,,2.73,3.27,,,18.35,0.0,0.0,0.0,0.0,0.0,0.0,2.73,,3.42,-0.1341268418099787,-0.6738318006683836,Stagflation,,,,,,,,,,,17.43,133.15,102.662,148424921.0526316,,,,,,0.0347427304339061
2011-03-31,0.0071069001892649,0.0046886858209194,0.0157464440176142,0.0206448833553327,,,106.19,3.47,0.8,,,,,,,,2.67,3.38,,,17.74,0.0,0.0,0.0,0.0,0.0,0.0,2.67,,3.47,-0.1341268418099787,-0.6738318006683836,Overheating,,,,,,,,,,,20.72347826086957,132.59,102.673,208150408.6956522,,,,,,0.0001071477274941
2011-04-29,0.0223165068028068,0.0379966174830839,0.040229740358386,0.0389223775752394,,,106.19,3.47,0.8,,,,,,,,2.67,3.38,,,17.74,0.0,0.0,0.0,0.0,0.0,0.0,2.67,,3.47,-0.1341268418099787,-0.6738318006683836,Overheating,,,,,,,,,,,16.244,136.43,105.646,140635925.0,,,,,,0.0289560059606712
2011-05-31,-0.014338006067981,-0.0081957513319772,0.0109808658744008,-0.0049698926154403,,,102.7,3.05,0.45,,,,,,,,2.6,2.99,,,15.45,0.0,0.0,0.0,0.0,0.0,0.0,2.5999999999999996,,3.05,-0.1341268418099787,-0.6738318006683836,Stagflation,,,,,,,,,,,16.91142857142857,134.9,104.461,158933680.95238096,,,,,,-0.0112167048444806
2011-06-30,-0.0200038193945374,-0.0015887884348831,-0.0113926762752043,-0.0066969452611436,,,95.3,3.18,0.45,,,,,,,,2.73,3.15,,,16.52,0.0,0.0,0.0,0.0,0.0,0.0,2.73,,3.18,-0.1341268418099787,-0.6738318006683836,Overheating,,,,,,,,,,,19.153181818181817,131.97,102.698,214110609.0909091,,,,,,-0.0168771120322416
2011-07-29,-0.0462650947662363,-0.0079764572252398,-0.0332720550752594,-0.0186215719290709,,,95.3,3.18,0.45,,,,,,,,2.73,3.15,,,16.52,0.0,0.0,0.0,0.0,0.0,0.0,2.73,,3.18,-0.1341268418099787,-0.6738318006683836,Overheating,,,,,,,,,,,19.2275,129.33,100.643,192038400.0,,,,,,-0.0200101267794893
2011-08-31,-0.0786560954848859,-0.0378686109459716,-0.0026125649469558,-0.0568442598841538,,,88.81,2.23,0.2,,,,,,,,2.03,2.21,,,31.62,0.0,0.0,0.0,0.0,0.0,0.0,2.03,,2.23,-0.1341268418099787,-0.6738318006683836,Overheating,,,,,,,,,,,35.02913043478261,122.22,95.11,393497904.34782606,,,,,,-0.0549765010979402
2011-09-30,-0.0916221960449465,-0.0605097366444584,-0.0269112294561059,-0.0499291097975866,,,78.93,1.92,0.25,,,,,,,,1.67,1.9,,,42.96,0.0,0.0,0.0,0.0,0.0,0.0,1.67,,1.92,-0.1341268418099787,-0.6738318006683836,Stagflation,,,,,,,,,,,36.53,113.15,88.505,294680152.38095236,,,,,,-0.0694459047418778
2011-10-31,0.129809901302679,0.0951540534345338,0.0657537818052755,0.0823834243776491,,,93.19,2.17,0.25,,,,,,,,1.92,2.16,,,29.96,0.0,0.0,0.0,0.0,0.0,0.0,1.92,,2.17,-0.1341268418099787,-0.6738318006683836,Overheating,,,,,,,,,,,32.829047619047614,125.5,98.165,272433428.5714286,,,,,,0.1091463759109654
2011-11-30,-0.0079662918459112,0.0036557231480844,0.0116460822552946,0.00410994386589,,,100.36,2.08,0.25,,,,,,,,1.83,2.07,,,27.8,0.0,0.0,0.0,0.0,0.0,0.0,1.83,,2.08,-0.1341268418099787,-0.6738318006683836,Stagflation,,,,,,,,,,,31.94190476190476,124.99,97.766,238742190.47619048,,,,,,-0.0040645851372688
2011-12-30,0.009603221423011,0.0074117048792168,0.02630736669499,0.0123441350267106,,,100.36,2.08,0.25,,,,,,,,1.83,2.07,,,27.8,0.0,0.0,0.0,0.0,0.0,0.0,1.83,,2.08,-0.1341268418099787,-0.6738318006683836,Stagflation,,,,,,,,,,,25.047619047619047,125.5,98.787,183268385.7142857,,,,,,0.0104433033979092
2012-01-31,0.0563208225364886,0.0474751520753149,0.0146677411963227,0.0194056197028973,,,98.46,1.83,0.22,,,,,,,,1.61,1.77,,,19.44,0.0,0.0,0.0,0.0,0.0,0.0,1.61,,1.83,-0.1341268418099787,-0.6738318006683836,Overheating,,,,,,,,,,,20.228,131.32,103.368,144191070.0,,,,,,0.0463724984056606
2012-02-29,0.044668850138579,0.0439340214485115,0.0218507220212968,0.0508730617409429,,,107.08,1.98,0.3,,,,,,,,1.68,1.9,,,18.43,0.0,0.0,0.0,0.0,0.0,0.0,1.68,,1.98,-0.1341268418099787,-0.6738318006683836,Overheating,,,,,,,,,,,18.4205,137.02,107.855,144729100.0,,,,,,0.0434080179552666
2012-03-30,0.025246657182246,0.0279142267199403,0.0258834503785669,0.0433154094009249,,,107.08,1.98,0.3,,,,,,,,1.68,1.9,,,18.43,0.0,0.0,0.0,0.0,0.0,0.0,1.68,,1.98,-0.1341268418099787,-0.6738318006683836,Overheating,,,,,,,,,,,16.167272727272728,140.81,111.323,138978009.0909091,,,,,,0.0321542812108849
2012-04-30,-0.0195216313372109,0.0055061343272551,0.0136721829481318,0.0180220238649246,,,104.89,1.95,0.27,,,,,,,,1.68,1.85,,,17.15,0.0,0.0,0.0,0.0,0.0,0.0,1.68,,1.95,-0.1341268418099787,-0.6738318006683836,Overheating,,,,,,,,,,,17.823,139.87,110.58,151782205.0,,,,,,-0.0066742721629851
2012-05-31,-0.0795338006829934,-0.0633721457597834,-0.0247703506844173,-0.0466069672974264,,,86.52,1.59,0.27,,,,,,,,1.32,1.52,,,24.06,0.0,0.0,0.0,0.0,0.0,0.0,1.32,,1.59,-0.1341268418099787,-0.6738318006683836,Goldilocks,,,,,,,,,,,21.001818181818184,131.47,103.939,182007095.45454547,,,,,,-0.0600560680050642
2012-06-29,0.0414070231466323,0.0319539289949972,0.0390527072778772,0.0309669378325834,,,86.52,1.59,0.27,,,,,,,,1.32,1.52,,,24.06,0.0,0.0,0.0,0.0,0.0,0.0,1.32,,1.59,-0.1341268418099787,-0.6738318006683836,Goldilocks,,,,,,,,,,,21.13095238095238,136.1,108.151,173566009.52380952,,,,,,0.0405237687489777
2012-07-31,0.0012564841100815,0.0097131016566636,0.0189838067778396,0.0133386918695033,,,88.08,1.51,0.23,,,,,,,,1.28,1.4,,,18.93,0.0,0.0,0.0,0.0,0.0,0.0,1.28,,1.51,-0.1341268418099787,-0.6738318006683836,Goldilocks,,,,,,,,,,,17.565238095238094,137.71,109.431,136416347.6190476,,,,,,0.0118353043430019
2012-08-31,0.0292681973162411,0.0162081203655561,-0.0005176309164274,0.0137321584597003,,,96.47,1.57,0.22,,,,,,,,1.35,1.48,,,17.47,0.0,0.0,0.0,0.0,0.0,0.0,1.35,,1.57,-0.1341268418099787,-0.6738318006683836,Stagflation,,,,,,,,,,,15.689565217391303,141.16,112.172,104938734.7826087,,,,,,0.0250477469821165
2012-09-28,0.0277466316595602,0.0202944645311173,0.0154489177199008,0.0183081773799769,,,96.47,1.57,0.22,,,,,,,,1.35,1.48,,,17.47,0.0,0.0,0.0,0.0,0.0,0.0,1.35,,1.57,-0.1341268418099787,-0.6738318006683836,Stagflation,,,,,,,,,,,15.284736842105264,143.97,115.016,125854394.73684213,,,,,,0.0253539207645401
2012-10-31,-0.0044969624036744,-0.0216197069618137,-0.009835674532085,-0.0235634760929261,,,86.23,1.72,0.3,,,,,,,,1.42,1.61,,,18.6,0.0,0.0,0.0,0.0,0.0,0.0,1.42,,1.72,-0.1341268418099787,-0.6738318006683836,Overheating,,,,,,,,,,,16.276190476190475,141.35,112.923,129519785.71428572,,,,,,-0.0181974681783404
2012-11-30,-0.0029635382706977,0.0072018222483067,0.0019451321565844,0.0179158834745516,,,88.54,1.62,0.25,,,,,,,,1.37,1.54,,,15.87,0.0,0.0,0.0,0.0,0.0,0.0,1.37,,1.62,-0.1341268418099787,-0.6738318006683836,Goldilocks,,,,,,,,,,,16.701904761904764,142.15,113.562,144417576.19047618,,,,,,0.0056587232007651
2012-12-31,0.0447260413691761,0.0006268022696496,-0.008129203167421,-0.01015166,,,91.83,1.78,0.25,,,,,,,,1.53,1.73,,,18.02,0.0,0.0,0.0,0.0,0.0,0.0,1.53,,1.78,-0.1341268418099787,-0.6738318006683836,Goldilocks,,,,,,,,,,,17.307,142.41,114.584,144493795.0,,,,,,0.0089994892657755
2013-01-31,0.0665032329696957,0.0566465647162741,0.0509313770011039,0.0437934582988743,,,97.65,2.02,0.27,,,,,,,,1.75,1.95,,,14.28,0.0,0.0,0.0,0.0,0.0,0.0,1.75,,2.02,-0.1341268418099787,-0.6738318006683836,Overheating,,,,,,,,,,,13.505238095238097,149.7,120.45,123197152.3809524,,,,,,0.0511938839628569
2013-02-28,0.0179124223858744,0.0150944045251035,0.0270717993274538,0.0206578226746336,,,92.03,1.89,0.25,,,,,,,,1.64,1.78,,,15.51,0.0,0.0,0.0,0.0,0.0,0.0,1.64,,1.89,-0.1341268418099787,-0.6738318006683836,Overheating,,,,,,,,,,,14.072631578947368,151.61,121.986,135866278.9473684,,,,,,0.0127521793275217
2013-03-29,0.0542830474037911,0.042610232715381,0.0512354709681333,0.0502110536114879,,,92.03,1.89,0.25,,,,,,,,1.64,1.78,,,15.51,0.0,0.0,0.0,0.0,0.0,0.0,1.64,,1.89,-0.1341268418099787,-0.6738318006683836,Overheating,,,,,,,,,,,13.0315,156.67,126.619,116548615.0,,,,,,0.0379797681701178
2013-04-30,0.0196097614323411,0.0204647471795751,0.027351595340235,0.0291141133496364,,,93.22,1.7,0.22,,,,,,,,1.48,1.65,,,13.52,0.0,0.0,0.0,0.0,0.0,0.0,1.48,,1.7,-0.1341268418099787,-0.6738318006683836,Goldilocks,,,,,,,,,,,13.967272727272729,159.68,129.052,132137954.54545456,,,,,,0.0192151256920367
2013-05-31,0.0415939480157598,0.0196308216111074,-0.0244099308520614,-0.0006603654685104,,,91.93,2.16,0.3,,,,,,,,1.86,2.12,,,16.3,0.0,0.0,0.0,0.0,0.0,0.0,1.86,,2.16,-0.1341268418099787,-0.6738318006683836,Goldilocks,,,,,,,,,,,13.493636363636364,163.45,132.099,126436181.8181818,,,,,,0.0236106375724514
2013-06-28,-0.0045088191601249,-0.0236364446287863,-0.0032577136590664,-0.0096326367206661,,,91.93,2.16,0.3,,,,,,,,1.86,2.12,,,16.3,0.0,0.0,0.0,0.0,0.0,0.0,1.86,,2.16,-0.1341268418099787,-0.6738318006683836,Goldilocks,,,,,,,,,,,17.2715,160.42,130.334,176666090.0,,,,,,-0.0133611912277912
2013-07-31,0.0621901736176093,0.0541455023428834,0.036480818931593,0.0629181399101073,,,105.1,2.6,0.31,,,,,,,,2.29,2.56,,,13.45,0.0,0.0,0.0,0.0,0.0,0.0,2.29,,2.6,-0.1341268418099787,-0.6738318006683836,Overheating,,,,,,,,,,,13.974545454545456,168.71,137.069,105950204.54545456,,,,,,0.051674927493977
2013-08-30,-0.0325369658513766,-0.0264840410835163,-0.0322426463185616,-0.0343855670842431,,,105.1,2.6,0.31,,,,,,,,2.29,2.56,,,13.45,0.0,0.0,0.0,0.0,0.0,0.0,2.29,,2.6,-0.1341268418099787,-0.6738318006683836,Overheating,,,,,,,,,,,14.21,163.65,132.958,103778713.63636364,,,,,,-0.0299921937126556
2013-09-30,0.0280517780456166,0.0393285255936388,0.0256714154220321,0.0314322524331482,,,102.36,2.64,0.33,,,,,,,,2.31,2.62,,,16.6,0.0,0.0,0.0,0.0,0.0,0.0,2.31,,2.64,-0.1341268418099787,-0.6738318006683836,Goldilocks,,,,,,,,,,,14.691999999999998,168.01,137.17,111337480.0,,,,,,0.0316791768829254
2013-10-31,0.0488497965155576,0.0425840034683988,0.0472559439788797,0.0524041502013357,,,96.29,2.57,0.31,,,,,,,,2.26,2.53,,,13.75,0.0,0.0,0.0,0.0,0.0,0.0,2.26,,2.57,-0.1341268418099787,-0.6738318006683836,Goldilocks,,,,,,,,,,,15.407826086956522,175.79,143.522,126162565.2173913,,,,,,0.0463075016403003
2013-11-29,0.040638536286726,0.0387562906068117,0.0133974164260335,0.0307706272699097,,,96.29,2.57,0.31,,,,,,,,2.26,2.53,,,13.75,0.0,0.0,0.0,0.0,0.0,0.0,2.26,,2.57,-0.1341268418099787,-0.6738318006683836,Goldilocks,,,,,,,,,,,12.924,181.0,147.776,96547645.0,,,,,,0.0296400551831774
2013-12-31,0.0260864261572884,0.0233952750521628,0.0125754333247209,0.0300541852759275,,,98.17,3.04,0.38,,,,,,,,2.66,2.97,,,13.72,0.0,0.0,0.0,0.0,0.0,0.0,2.66,,3.04,-0.1341268418099787,-0.6738318006683836,Stagflation,,,,,,,,,,,14.192380952380953,184.69,151.602,106322661.90476193,,,,,,0.0258905370290168
2014-01-31,-0.0332076997691681,-0.042903597379614,-0.0300025083215635,-0.022460759650936,,,97.55,2.67,0.34,,,,,,,,2.33,2.65,,,18.41,0.0,0.0,0.0,0.0,0.0,0.0,2.33,,2.67,-0.1341268418099787,-0.6738318006683836,Stagflation,,,,,,,,,,,14.24095238095238,178.18,146.259,120507185.71428572,,,,,,-0.0352435983694146
2014-02-28,0.0394223703245228,0.0486136728367756,0.0436332007171931,0.0666355440241928,,,102.88,2.66,0.33,,,,,,,,2.33,2.61,,,14.0,0.0,0.0,0.0,0.0,0.0,0.0,2.33,,2.66,-0.1341268418099787,-0.6738318006683836,Goldilocks,,,,,,,,,,,15.47,186.29,152.916,126009715.78947368,,,,,,0.0455151477857772
2014-03-31,0.0259992823316015,0.0009512964932483,0.0083030045944214,-0.0338126738433518,,,101.57,2.73,0.44,,,,,,,,2.29,2.68,,,13.88,0.0,0.0,0.0,0.0,0.0,0.0,2.29,,2.73,-0.1341268418099787,-0.6738318006683836,Overheating,,,,,,,,,,,14.836666666666666,187.01,154.187,121623061.90476193,,,,,,0.0083117528577781
2014-04-30,0.0035974304593786,0.0066219006595258,0.0139498864713281,-0.0087692969789568,,,100.07,2.67,0.42,,,,,,,,2.25,2.64,,,13.41,0.0,0.0,0.0,0.0,0.0,0.0,2.25,,2.67,-0.1341268418099787,-0.6738318006683836,Overheating,,,,,,,,,,,14.19809523809524,188.31,155.258,111709619.04761904,,,,,,0.0069461108913202
2014-05-30,0.0269689038067577,0.0162109164580508,0.0115801924836864,0.0399807391197677,,,100.07,2.67,0.42,,,,,,,,2.25,2.64,,,13.41,0.0,0.0,0.0,0.0,0.0,0.0,2.25,,2.67,-0.1341268418099787,-0.6738318006683836,Overheating,,,,,,,,,,,12.475238095238096,192.68,158.861,84813990.47619048,,,,,,0.0232065336407785
2014-06-30,0.0274362049999998,0.0140457615458653,0.0131257763690206,0.0210490420321338,,,106.07,2.53,0.47,,,,,,,,2.06,2.49,,,11.57,0.0,0.0,0.0,0.0,0.0,0.0,2.0599999999999996,,2.53,-0.1341268418099787,-0.6738318006683836,Overheating,,,,,,,,,,,11.541428571428572,195.72,162.139,79764157.14285715,,,,,,0.0206343910714398
2014-07-31,-0.0034811397365541,-0.0163938004339175,-0.0151516888049392,-0.0107158255957309,,,98.23,2.58,0.53,,,,,,,,2.05,2.55,,,16.95,0.0,0.0,0.0,0.0,0.0,0.0,2.05,,2.58,-0.1341268418099787,-0.6738318006683836,Overheating,,,,,,,,,,,12.296363636363637,193.09,159.961,86077736.36363636,,,,,,-0.0134329186685498
2014-08-29,0.0406893990058145,0.0490229075146386,0.0406792078580071,0.0466195266442659,,,98.23,2.58,0.53,,,,,,,,2.05,2.55,,,16.95,0.0,0.0,0.0,0.0,0.0,0.0,2.05,,2.58,-0.1341268418099787,-0.6738318006683836,Overheating,,,,,,,,,,,13.49190476190476,200.71,166.273,87137380.95238096,,,,,,0.0394596182819562
2014-09-30,-0.0167843199487992,-0.0138811751011131,-0.0076123195196239,-0.0060133464046888,,,91.17,2.52,0.58,,,,,,,,1.94,2.5,,,16.31,0.0,0.0,0.0,0.0,0.0,0.0,1.94,,2.52,-0.1341268418099787,-0.6738318006683836,Goldilocks,,,,,,,,,,,13.466666666666669,197.02,163.98,100307747.6190476,,,,,,-0.0137905733342154
2014-10-31,0.0106873995875365,0.0296313305753852,0.0430322207842661,0.0232814756904402,,,80.53,2.35,0.5,,,,,,,,1.85,2.34,,,14.03,0.0,0.0,0.0,0.0,0.0,0.0,1.85,,2.35,-0.1341268418099787,-0.6738318006683836,Goldilocks,,,,,,,,,,,18.058695652173913,201.66,167.842,171437739.13043478,,,,,,0.0235516526405659
2014-11-28,0.0349125194724067,0.0158920506325508,0.0344486773812349,0.0378625866503228,,,80.53,2.35,0.5,,,,,,,,1.85,2.34,,,14.03,0.0,0.0,0.0,0.0,0.0,0.0,1.85,,2.35,-0.1341268418099787,-0.6738318006683836,Goldilocks,,,,,,,,,,,13.41315789473684,207.2,172.453,82689042.10526316,,,,,,0.0274722655831079
2014-12-31,0.0106674276093019,-0.0015456099200392,0.0011637200661047,-0.0104681537499291,,,53.45,2.17,0.67,,,,,,,,1.5,2.13,,,19.2,0.0,0.0,0.0,0.0,0.0,0.0,1.5,,2.17,-0.1341268418099787,-0.6738318006683836,Recession,,,,,,,,,,,16.292272727272728,205.54,172.011,138416863.63636363,,,,,,-0.0025630171698955
2015-01-30,-0.0508878542650984,-0.0175353230109888,-0.0048472925419916,-0.0057902397870119,,,53.45,2.17,0.67,,,,,,,,1.5,2.13,,,19.2,0.0,0.0,0.0,0.0,0.0,0.0,1.5,,2.17,-0.1341268418099787,-0.6738318006683836,Recession,,,,,,,,,,,19.1195,199.45,166.915,159175300.0,,,,,,-0.0296260122899116
2015-02-27,0.0616255561244931,0.0559027522609665,0.036641415458801,0.0545745635763683,,,47.79,1.68,0.47,,,,,,,,1.21,1.66,,,20.97,0.0,0.0,0.0,0.0,0.0,0.0,1.21,,1.68,-0.1341268418099787,-0.6738318006683836,Goldilocks,,,,,,,,,,,15.90421052631579,210.66,176.296,100086215.78947368,,,,,,0.0562022586346343
2015-03-31,-0.0142047017430365,-0.0110843188271184,-0.0072444037219673,-0.0115238799974405,,,47.72,1.94,0.56,,,,,,,,1.38,1.91,,,15.29,0.0,0.0,0.0,0.0,0.0,0.0,1.38,,1.94,-0.1341268418099787,-0.6738318006683836,Stagflation,,,,,,,,,,,14.812727272727273,206.43,173.521,124996500.0,,,,,,-0.0157405726732313
2015-04-30,0.0056746330659078,0.0049408651716618,-0.0055601325546098,-0.0087234989013395,,,59.62,2.05,0.58,,,,,,,,1.47,2.04,,,14.55,0.0,0.0,0.0,0.0,0.0,0.0,1.4699999999999998,,2.05,-0.1341268418099787,-0.6738318006683836,Overheating,,,,,,,,,,,13.494761904761903,208.46,175.227,96985009.52380952,,,,,,0.0098316630263772
2015-05-29,0.0204548419182564,0.0129992445116629,0.0106987780735507,0.0328938687586299,,,59.62,2.05,0.58,,,,,,,,1.47,2.04,,,14.55,0.0,0.0,0.0,0.0,0.0,0.0,1.4699999999999998,,2.05,-0.1341268418099787,-0.6738318006683836,Overheating,,,,,,,,,,,13.3385,211.14,177.48,94625995.0,,,,,,0.0128576075604786
2015-06-30,-0.0320370841573142,-0.0168708399825838,-0.0221979628376766,-0.0025150037264898,,,59.48,2.35,0.64,,,,,,,,1.71,2.34,,,18.23,0.0,0.0,0.0,0.0,0.0,0.0,1.71,,2.35,-0.1341268418099787,-0.6738318006683836,Stagflation,,,,,,,,,,,14.339545454545457,205.85,173.879,115238300.0,,,,,,-0.0202896100969123
2015-07-31,-0.0044736152378895,0.024540732841495,0.0398227453337562,0.038816461988238,,,47.11,2.2,0.67,,,,,,,,1.53,2.12,,,12.12,0.0,0.0,0.0,0.0,0.0,0.0,1.5300000000000002,,2.2,-0.1341268418099787,-0.6738318006683836,Overheating,,,,,,,,,,,14.352727272727272,210.5,177.806,111489000.0,,,,,,0.0225846709493383
2015-08-31,-0.0607225071803236,-0.0613859283361371,-0.0450585587979679,-0.059596258815217,,,49.2,2.21,0.74,,,,,,,,1.47,2.13,,,28.43,0.0,0.0,0.0,0.0,0.0,0.0,1.47,,2.21,-0.1341268418099787,-0.6738318006683836,Recession,,,,,,,,,,,19.42809523809524,197.67,166.969,177853661.9047619,,,,,,-0.0609484494336524
2015-09-30,-0.0285293413892158,-0.0123466037680448,-0.0056497428527505,-0.0192632482299671,,,45.06,2.06,0.64,,,,,,,,1.42,2.06,,,24.5,0.0,0.0,0.0,0.0,0.0,0.0,1.42,,2.06,-0.1341268418099787,-0.6738318006683836,Recession,,,,,,,,,,,24.377142857142857,191.63,162.723,156167280.95238096,,,,,,-0.0254298702154292
2015-10-30,0.0740613457389312,0.0861127047287788,0.0601163920785448,0.0728746579408885,,,45.06,2.06,0.64,,,,,,,,1.42,2.06,,,24.5,0.0,0.0,0.0,0.0,0.0,0.0,1.42,,2.06,-0.1341268418099787,-0.6738318006683836,Recession,,,,,,,,,,,16.789545454545454,207.93,176.564,115281109.0909091,,,,,,0.0850586579647622
2015-11-30,-0.0066736148423085,0.0042724233794577,-0.0023532804931409,0.0051157378843453,,,40.43,2.21,0.94,,,,,,,,1.27,1.99,,,16.13,0.0,0.0,0.0,0.0,0.0,0.0,1.27,,2.21,-0.1341268418099787,-0.6738318006683836,Stagflation,,,,,,,,,,,16.21,208.69,177.209,96225640.0,,,,,,0.0036530663102331
2015-12-31,-0.0209463039935359,-0.0165450543494517,0.0051489555170407,-0.0005379108441435,,,37.13,2.27,1.06,,,,,,,,1.21,2.11,,,18.21,0.0,0.0,0.0,0.0,0.0,0.0,1.21,,2.27,-0.1341268418099787,-0.6738318006683836,Recession,,,,,,,,,,,18.025454545454547,203.87,174.165,132363718.1818182,,,,,,-0.0171774571268953
2016-01-29,-0.0814891413026769,-0.0447452590064785,-0.0139227385797308,-0.0368678224269392,,,37.13,2.27,1.06,,,,,,,,1.21,2.11,,,18.21,0.0,0.0,0.0,0.0,0.0,0.0,1.21,,2.27,-0.1341268418099787,-0.6738318006683836,Recession,,,,,,,,,,,23.717894736842105,193.72,165.494,194860247.36842105,,,,,,-0.0497861223552378
2016-02-29,0.0127118795382685,0.0055103610153686,0.0108891233150467,-0.0130935187117201,,,32.74,1.74,0.78,,,,,,,,0.96,1.41,,,20.55,0.0,0.0,0.0,0.0,0.0,0.0,0.96,,1.74,-0.1341268418099787,-0.6738318006683836,Recession,,,,,,,,,,,22.517,193.56,165.357,146036540.0,,,,,,-0.0008278245737005
2016-03-31,0.0706939110678108,0.0637142104343742,0.0601260419265998,0.0527590442861194,,,36.94,1.78,0.73,,,,,,,,1.05,1.57,,,13.95,0.0,0.0,0.0,0.0,0.0,0.0,1.05,,1.78,-0.1341268418099787,-0.6738318006683836,Stagflation,,,,,,,,,,,15.84909090909091,205.52,176.477,105604840.9090909,,,,,,0.0672484382275924
2016-04-29,0.0077180721369471,-0.003281716839203,-0.0044960558350741,-0.0065463693125615,,,36.94,1.78,0.73,,,,,,,,1.05,1.57,,,13.95,0.0,0.0,0.0,0.0,0.0,0.0,1.05,,1.78,-0.1341268418099787,-0.6738318006683836,Stagflation,,,,,,,,,,,14.300476190476193,206.33,177.172,90637252.3809524,,,,,,0.0039381902457544
2016-05-31,0.0149611537604994,0.0102899532147278,0.0160887054162426,0.0246554937258298,,,49.1,1.84,0.87,,,,,,,,0.97,1.5,,,14.19,0.0,0.0,0.0,0.0,0.0,0.0,0.97,,1.84,-0.1341268418099787,-0.6738318006683836,Stagflation,,,,,,,,,,,14.852857142857143,209.84,180.186,86331619.04761904,,,,,,0.0170117174271329
2016-06-30,-0.0121127990679025,0.0052399977799748,0.0457826705537953,0.0300312427623086,,,48.27,1.49,0.58,,,,,,,,0.91,1.23,,,15.63,0.0,0.0,0.0,0.0,0.0,0.0,0.91,,1.49,-0.1341268418099787,-0.6738318006683836,Overheating,,,,,,,,,,,17.774545454545457,209.48,180.816,118745768.1818182,,,,,,0.0034963870666977
2016-07-29,0.0454796984411169,0.0304318374166538,0.0147797927473891,0.0268677315352845,,,48.27,1.49,0.58,,,,,,,,0.91,1.23,,,15.63,0.0,0.0,0.0,0.0,0.0,0.0,0.91,,1.49,-0.1341268418099787,-0.6738318006683836,Overheating,,,,,,,,,,,13.1585,217.12,187.411,82422685.0,,,,,,0.0364735421644102
2016-08-31,0.0124153509673006,-0.0017941115323272,-0.019506311678248,-0.0145031777878699,,,44.68,1.58,0.8,,,,,,,,0.78,1.25,,,13.42,0.0,0.0,0.0,0.0,0.0,0.0,0.78,,1.58,-0.1341268418099787,-0.6738318006683836,Stagflation,,,,,,,,,,,12.399565217391304,217.38,187.635,66074052.17391305,,,,,,0.0011952340044074
2016-09-30,0.0074663799077032,-0.0010419174533701,-0.0065258442163186,0.0049562871469268,,,47.72,1.6,0.77,,,,,,,,0.83,1.31,,,13.29,0.0,0.0,0.0,0.0,0.0,0.0,0.8300000000000001,,1.6,-0.1341268418099787,-0.6738318006683836,Stagflation,,,,,,,,,,,14.21952380952381,216.3,187.65,109161571.42857143,,,,,,7.99424414421e-05
2016-10-31,-0.0121443964101045,-0.0203041679245538,-0.0280633826134952,-0.0195992655809554,,,46.83,1.84,0.86,,,,,,,,0.98,1.5,,,17.06,0.0,0.0,0.0,0.0,0.0,0.0,0.98,,1.84,-0.1341268418099787,-0.6738318006683836,Overheating,,,,,,,,,,,14.585238095238095,212.55,184.397,82175590.47619048,,,,,,-0.0173354649613642
2016-11-30,0.0700360875590062,0.0297167661045585,0.0063792110675353,-0.0058304173104702,,,49.41,2.37,1.11,,,,,,,,1.26,1.89,,,13.33,0.0,0.0,0.0,0.0,0.0,0.0,1.26,,2.37,-0.1341268418099787,-0.6738318006683836,Stagflation,,,,,,,,,,,15.236190476190476,220.38,191.19,98219766.66666669,,,,,,0.0368389941268024
2016-12-30,0.0221198544275404,0.0201902502469464,0.0238907487574389,0.0108659914671427,,,49.41,2.37,1.11,,,,,,,,1.26,1.89,,,13.33,0.0,0.0,0.0,0.0,0.0,0.0,1.26,,2.37,-0.1341268418099787,-0.6738318006683836,Stagflation,,,,,,,,,,,12.472380952380954,223.53,195.068,86736371.42857143,,,,,,0.0202834876301061
2017-01-31,0.0135134909076177,0.0122454229799466,0.0132202024054814,0.0331521599167154,,,52.75,2.45,1.19,,,,,,,,1.26,1.93,,,11.99,0.0,0.0,0.0,0.0,0.0,0.0,1.2600000000000002,,2.45,-0.1341268418099787,-0.6738318006683836,Overheating,,,,,,,,,,,11.6085,227.53,198.558,74120425.0,,,,,,0.0178911969159472
2017-02-28,0.0463009348737886,0.0472506320870753,0.0455335744294986,0.0372265490040306,,,54.0,2.36,1.22,,,,,,,,1.14,1.83,,,12.92,0.0,0.0,0.0,0.0,0.0,0.0,1.14,,2.36,-0.1341268418099787,-0.6738318006683836,Stagflation,,,,,,,,,,,11.530526315789476,236.47,206.36,71849294.73684211,,,,,,0.0392933047270822
2017-03-31,-0.0112983037800149,-0.0002558043477851,0.0011901992236909,0.0215139472756618,,,50.54,2.4,1.27,,,,,,,,1.13,1.64,,,12.37,0.0,0.0,0.0,0.0,0.0,0.0,1.13,,2.4,-0.1341268418099787,-0.6738318006683836,Goldilocks,,,,,,,,,,,11.89782608695652,235.74,206.62,83542352.17391305,,,,,,0.0012599340957549
2017-04-28,0.002009302046247,0.0057055828406693,0.0144800262278028,0.025352731431578,,,50.54,2.4,1.27,,,,,,,,1.13,1.64,,,12.37,0.0,0.0,0.0,0.0,0.0,0.0,1.13,,2.4,-0.1341268418099787,-0.6738318006683836,Goldilocks,,,,,,,,,,,13.136315789473684,238.08,208.671,81558615.78947368,,,,,,0.0099264350014519
2017-05-31,-0.0009482520954985,0.0157914613709622,0.0207756818879154,0.0482380315718571,,,48.29,2.21,1.28,,,,,,,,0.93,1.23,,,10.41,0.0,0.0,0.0,0.0,0.0,0.0,0.93,,2.21,-0.1341268418099787,-0.6738318006683836,Recession,,,,,,,,,,,10.862272727272726,241.44,211.615,67696436.36363636,,,,,,0.0141083332135275
2017-06-30,0.0123013320641292,0.0059507031795498,-0.0039413437911992,0.0040298716152216,,,46.02,2.31,1.38,,,,,,,,0.93,1.28,,,11.18,0.0,0.0,0.0,0.0,0.0,0.0,0.9300000000000002,,2.31,-0.1341268418099787,-0.6738318006683836,Goldilocks,,,,,,,,,,,10.513636363636364,241.8,212.964,70694200.0,,,,,,0.0063747843961911
2017-07-31,0.0194686174126315,0.0094403452294464,0.0201516253569322,0.0342837936380056,,,50.21,2.3,1.34,,,,,,,,0.96,1.23,,,10.26,0.0,0.0,0.0,0.0,0.0,0.0,0.9599999999999996,,2.3,-0.1341268418099787,-0.6738318006683836,Goldilocks,,,,,,,,,,,10.2645,246.77,217.342,53009626.9,,,,,,0.0205574651114742
2017-08-31,0.0025198065072224,0.0055656326602815,0.0082822494956742,0.0150064698369898,,,47.26,2.12,1.33,,,,,,,,0.79,1.11,,,10.59,0.0,0.0,0.0,0.0,0.0,0.0,0.79,,2.12,-0.1341268418099787,-0.6738318006683836,Recession,,,,,,,,,,,11.975652173913044,247.49,217.976,67651761.56521739,,,,,,0.0029170615895685
2017-09-29,0.0354278427231073,0.0266279828886861,0.0053605874420747,0.0285055979455925,,,47.26,2.12,1.33,,,,,,,,0.79,1.11,,,10.59,0.0,0.0,0.0,0.0,0.0,0.0,0.79,,2.12,-0.1341268418099787,-0.6738318006683836,Recession,,,,,,,,,,,10.438,251.23,222.366,64279920.95,,,,,,0.0201398319080999
2017-10-31,0.0257116262406111,0.0288450780195255,0.0193378552278062,0.0500098768034795,,,54.36,2.38,1.6,,,,,,,,0.78,1.23,,,10.18,0.0,0.0,0.0,0.0,0.0,0.0,0.7799999999999998,,2.38,-0.1341268418099787,-0.6738318006683836,Overheating,,,,,,,,,,,10.125454545454543,257.15,227.606,59997797.86363637,,,,,,0.0235647536044179
2017-11-30,0.0424148799758923,0.0372951608164378,0.031322753302585,0.0280756270585711,,,57.4,2.42,1.78,,,,,,,,0.64,1.15,,,11.28,0.0,0.0,0.0,0.0,0.0,0.0,0.6399999999999999,,2.42,-0.1341268418099787,-0.6738318006683836,Overheating,,,,,,,,,,,10.54047619047619,265.01,234.563,64841343.047619045,,,,,,0.0305659780497877
2017-12-29,0.0163500884771765,0.0112984206641246,0.0020641786905535,0.0009661134391012,,,57.4,2.42,1.78,,,,,,,,0.64,1.15,,,11.28,0.0,0.0,0.0,0.0,0.0,0.0,0.6399999999999999,,2.42,-0.1341268418099787,-0.6738318006683836,Overheating,,,,,,,,,,,10.2645,266.86,237.398,85719060.6,,,,,,0.0120863051717449
2018-01-31,0.0434520059014407,0.0458191757154777,0.0351187095154668,0.0820971576258664,,,64.82,2.72,2.14,,,,,,,,0.58,1.26,,,13.54,0.0,0.0,0.0,0.0,0.0,0.0,0.5800000000000001,,2.72,-0.1341268418099787,-0.6738318006683836,Overheating,,,,,,,,,,,11.062380952380952,281.9,250.777,95032374.42857143,,,,,,0.0563568353566584
2018-02-28,-0.0321764514617971,-0.0281233499456228,-0.0420759543778921,-0.0141435298984604,,,61.43,2.87,2.25,,,,,,,,0.62,1.22,,,19.85,0.0,0.0,0.0,0.0,0.0,0.0,0.6200000000000001,,2.87,-0.1341268418099787,-0.6738318006683836,Overheating,,,,,,,,,,,22.464736842105264,271.65,241.659,153847347.36842105,,,,,,-0.036358996239687
2018-03-30,-0.0229386433662236,-0.0130775609647465,-0.0023039678288868,-0.0363912790659854,,,61.43,2.87,2.25,,,,,,,,0.62,1.22,,,19.85,0.0,0.0,0.0,0.0,0.0,0.0,0.6200000000000001,,2.87,-0.1341268418099787,-0.6738318006683836,Overheating,,,,,,,,,,,19.02380952380953,263.15,235.034,111202960.33333331,,,,,,-0.0274146628099925
2018-04-30,0.004403821904372,-0.0132838186949372,0.0007370648588294,0.0077007242252169,,,68.56,2.95,2.49,,,,,,,,0.46,1.08,,,15.93,0.0,0.0,0.0,0.0,0.0,0.0,0.4599999999999999,,2.95,-0.1341268418099787,-0.6738318006683836,Overheating,,,,,,,,,,,18.267619047619046,264.51,236.249,95111931.33333331,,,,,,0.0051694648433843
2018-05-31,0.0196891738081366,0.0275484290917309,0.0109901063066708,0.0349688001910011,,,66.98,2.83,2.4,,,,,,,,0.43,0.9,,,15.43,0.0,0.0,0.0,0.0,0.0,0.0,0.4300000000000001,,2.83,-0.1341268418099787,-0.6738318006683836,Stagflation,,,,,,,,,,,14.124545454545457,270.94,241.992,72977757.45454545,,,,,,0.0243090976046459
2018-06-29,-0.0104654446025469,-0.0004599819649989,0.0168024728114037,-0.001390667921594,,,66.98,2.83,2.4,,,,,,,,0.43,0.9,,,15.43,0.0,0.0,0.0,0.0,0.0,0.0,0.4300000000000001,,2.83,-0.1341268418099787,-0.6738318006683836,Stagflation,,,,,,,,,,,13.67809523809524,271.28,243.385,76183308.95238096,,,,,,0.0057563886409468
2018-07-31,0.0340122262569813,0.0376816811403823,0.0336293286714004,0.0186745897094351,,,69.88,2.96,2.67,,,,,,,,0.29,0.93,,,12.83,0.0,0.0,0.0,0.0,0.0,0.0,0.29,,2.96,-0.1341268418099787,-0.6738318006683836,Goldilocks,,,,,,,,,,,13.147619047619049,281.33,252.401,60273078.85714286,,,,,,0.0370441892474885
2018-08-31,0.036706091174707,0.0370033337383135,0.0308040299834078,0.0586596727411714,,,69.84,2.86,2.62,,,,,,,,0.24,0.75,,,12.86,0.0,0.0,0.0,0.0,0.0,0.0,0.2399999999999997,,2.86,-0.1341268418099787,-0.6738318006683836,Goldilocks,,,,,,,,,,,12.54695652173913,290.31,260.458,56848424.17391305,,,,,,0.0319214266187534
2018-09-28,-0.0016625589648762,0.0110587065164515,0.0125294469616725,0.0093369031734669,,,69.84,2.86,2.62,,,,,,,,0.24,0.75,,,12.86,0.0,0.0,0.0,0.0,0.0,0.0,0.2399999999999997,,2.86,-0.1341268418099787,-0.6738318006683836,Goldilocks,,,,,,,,,,,12.910526315789474,290.72,262.007,64585917.473684214,,,,,,0.0059472160578672
2018-10-31,-0.0588226613864507,-0.0748454885014304,-0.0402183109349202,-0.0979776660009191,,,65.31,3.15,2.87,,,,,,,,0.28,0.81,,,21.23,0.0,0.0,0.0,0.0,0.0,0.0,0.2799999999999998,,3.15,-0.1341268418099787,-0.6738318006683836,Recession,,,,,,,,,,,19.35217391304348,270.63,243.902,131389050.52173913,,,,,,-0.0691012072196544
2018-11-30,-0.0053641940926563,0.010142888324407,0.0373330258599933,0.0138432515837583,,,50.78,3.01,2.8,,,,,,,,0.21,0.64,,,18.07,0.0,0.0,0.0,0.0,0.0,0.0,0.2099999999999999,,3.01,-0.1341268418099787,-0.6738318006683836,Recession,,,,,,,,,,,19.38904761904762,275.65,248.426,96204854.52380952,,,,,,0.01854843338718
2018-12-31,-0.1122560616945169,-0.0870624161420167,-0.0709992261497238,-0.0768332306427531,,,,2.69,2.48,,,,,,,,0.21,0.24,,,25.42,0.0,0.0,0.0,0.0,0.0,0.0,0.2099999999999999,,2.69,-0.1341268418099787,-0.6738318006683836,Stagflation,,,,,,,,,,,24.953157894736844,249.92,226.58,163161820.0526316,,,,,,-0.0879376554788951
2019-01-31,0.0999040982151857,0.0840550401293704,0.057655494157728,0.066676963863415,,,53.84,2.63,2.45,,,,,,,,0.18,0.22,,,16.57,0.0,0.0,0.0,0.0,0.0,0.0,0.1799999999999997,,2.63,-0.1341268418099787,-0.6738318006683836,Overheating,,,,,,,,,,,19.57238095238095,269.93,244.721,97404142.57142857,,,,,,0.0800644364021537
2019-02-28,0.0193716872345288,0.0434420181898342,0.0378585022365953,0.0359516309494432,,,57.21,2.73,2.52,,,,,,,,0.21,0.28,,,14.78,0.0,0.0,0.0,0.0,0.0,0.0,0.2099999999999999,,2.73,-0.1341268418099787,-0.6738318006683836,Stagflation,,,,,,,,,,,15.234736842105262,278.68,252.654,72127613.15789473,,,,,,0.0324165069609882
2019-03-29,-0.0094456672118353,0.0259433122634555,0.0267372634053741,0.0215776228954003,,,57.21,2.73,2.52,,,,,,,,0.21,0.28,,,14.78,0.0,0.0,0.0,0.0,0.0,0.0,0.2099999999999999,,2.73,-0.1341268418099787,-0.6738318006683836,Stagflation,,,,,,,,,,,14.485238095238095,282.48,257.222,79780563.71428572,,,,,,0.0180800620611587
2019-04-30,0.0347376292543004,0.0379779748670101,0.022011479958093,0.0231585440830248,,,63.83,2.51,2.27,,,,,,,,0.24,0.08,,,13.12,0.0,0.0,0.0,0.0,0.0,0.0,0.2399999999999997,,2.51,-0.1341268418099787,-0.6738318006683836,Overheating,,,,,,,,,,,12.94904761904762,294.02,267.73,57552118.809523806,,,,,,0.0408518711463249
2019-05-31,-0.0961816926302197,-0.0660333291119806,-0.0160253966973541,-0.0226774478055034,,,53.49,2.14,1.95,,,,,,,,0.19,-0.21,,,18.71,0.0,0.0,0.0,0.0,0.0,0.0,0.1900000000000001,,2.14,-0.1341268418099787,-0.6738318006683836,Recession,,,,,,,,,,,16.721818181818183,275.27,250.657,83794451.22727273,,,,,,-0.0637694692413999
2019-06-28,0.0947232734265366,0.0719357253700669,0.0504366370882072,0.0623663795159239,,,53.49,2.14,1.95,,,,,,,,0.19,-0.21,,,18.71,0.0,0.0,0.0,0.0,0.0,0.0,0.1900000000000001,,2.14,-0.1341268418099787,-0.6738318006683836,Recession,,,,,,,,,,,15.836000000000002,293.0,268.101,66950087.7,,,,,,0.0695931093087366
2019-07-31,0.0169894356422308,0.0134658416213002,0.0164054545559713,0.0182750362406018,,,58.53,2.02,1.89,,,,,,,,0.13,-0.06,,,16.12,0.0,0.0,0.0,0.0,0.0,0.0,0.1300000000000001,,2.02,-0.1341268418099787,-0.6738318006683836,Overheating,,,,,,,,,,,13.305909090909092,297.43,272.154,51570466.81818182,,,,,,0.0151174370852775
2019-08-30,-0.0442841011248936,-0.0168514504604809,0.0166733250534791,0.0027831458352673,,,58.53,2.02,1.89,,,,,,,,0.13,-0.06,,,16.12,0.0,0.0,0.0,0.0,0.0,0.0,0.1300000000000001,,2.02,-0.1341268418099787,-0.6738318006683836,Overheating,,,,,,,,,,,18.97909090909091,292.453,267.6,93150561.86363636,,,,,,-0.016733173129919
2019-09-30,0.0480274681475583,0.0173976125751469,0.0091082278337948,-0.0120986029462726,,,54.09,1.68,1.63,,,,,,,,0.05,-0.2,,,16.24,0.0,0.0,0.0,0.0,0.0,0.0,0.05,,1.68,-0.1341268418099787,-0.6738318006683836,Stagflation,,,,,,,,,,,15.559,296.77,272.81,66139874.95,,,,,,0.0194693572496263
2019-10-31,0.0282852936920585,0.0225865937332858,-0.0017023411303102,0.0062542334986706,,,54.02,1.69,1.52,,,,,,,,0.17,0.15,,,13.22,0.0,0.0,0.0,0.0,0.0,0.0,0.1699999999999999,,1.69,-0.1341268418099787,-0.6738318006683836,Recession,,,,,,,,,,,15.466521739130435,303.33,278.84,61158479.782608695,,,,,,0.0221032953337487
2019-11-29,0.0369753707270072,0.0444294452188891,0.0132832920051655,0.0337043087423911,,,54.02,1.69,1.52,,,,,,,,0.17,0.15,,,13.22,0.0,0.0,0.0,0.0,0.0,0.0,0.1699999999999999,,1.69,-0.1341268418099787,-0.6738318006683836,Recession,,,,,,,,,,,12.5235,314.31,288.934,51752350.4,,,,,,0.0361999713097116
2019-12-31,0.0336862249722966,0.0293314558659112,0.0189464358339059,0.0179633300425325,,,61.14,1.92,1.58,,,,,,,,0.34,0.37,,,13.78,0.0,0.0,0.0,0.0,0.0,0.0,0.3399999999999998,,1.92,-0.1341268418099787,-0.6738318006683836,Stagflation,,,,,,,,,,,13.756666666666666,321.86,297.322,61010503.52380952,,,,,,0.0290308513362913
2020-01-31,-0.0378019126266753,-0.0066198640638144,0.0233243237176745,0.0369117095460096,,,51.58,1.51,1.33,,,,,,,,0.18,-0.04,,,18.84,0.0,0.0,0.0,0.0,0.0,0.0,0.1799999999999999,,1.51,-0.1341268418099787,-0.6738318006683836,Stagflation,,,,,,,,,,,13.94095238095238,321.73,297.202,66151402.571428575,,,,,,-0.0004036028279104
2020-02-28,-0.0968907234348345,-0.0837326623761334,-0.081055692707995,-0.0734550796092192,,,51.58,1.51,1.33,,,,,,,,0.18,-0.04,,,18.84,0.0,0.0,0.0,0.0,0.0,0.0,0.1799999999999999,,1.51,-0.1341268418099787,-0.6738318006683836,Stagflation,,,,,,,,,,,19.628947368421052,296.26,273.674,110509052.94736844,,,,,,-0.0791650123485037
2020-03-31,-0.1851451975534956,-0.1141725004351692,-0.1189588727489389,-0.1140630908650315,,,20.51,0.7,0.23,,,,,,,,0.47,0.59,,,53.54,0.0,0.0,0.0,0.0,0.0,0.0,0.47,,0.7,-0.1341268418099787,-0.6738318006683836,Recession,,,,,,,,,,,57.73681818181819,257.75,239.563,267668676.54545453,,,,,,-0.1246409962217821
2020-04-30,0.1131941691958449,0.1236654098748744,0.0929536018288919,0.1173289801708794,,,19.23,0.64,0.2,,,,,,,,0.44,0.55,,,34.15,0.0,0.0,0.0,0.0,0.0,0.0,0.44,,0.64,-0.1341268418099787,-0.6738318006683836,Recession,,,,,,,,,,,41.453809523809525,290.48,269.983,133251133.42857143,,,,,,0.1269812116228299
2020-05-29,0.0362155736127836,0.055790303718392,0.0436633074184582,0.0598621773412055,,,19.23,0.64,0.2,,,,,,,,0.44,0.55,,,34.15,0.0,0.0,0.0,0.0,0.0,0.0,0.44,,0.64,-0.1341268418099787,-0.6738318006683836,Recession,,,,,,,,,,,30.897,304.32,282.847,95089170.6,,,,,,0.0476474444687258
2020-06-30,0.002562871398634,0.0026279785633602,-0.0105582176029731,0.0435825158151803,,,39.27,0.66,0.16,,,,,,,,0.5,0.5,,,30.43,0.0,0.0,0.0,0.0,0.0,0.0,0.5,,0.66,-0.1341268418099787,-0.6738318006683836,Overheating,,,,,,,,,,,31.119545454545456,308.36,287.87,106708125.1818182,,,,,,0.0177587176105809
2020-07-31,0.0094573253120211,0.0483395732115776,0.0450607101178213,0.068395111849064,,,40.1,0.55,0.11,,,,,,,,0.44,0.46,,,24.46,0.0,0.0,0.0,0.0,0.0,0.0,0.44,,0.55,-0.1341268418099787,-0.6738318006683836,Overheating,,,,,,,,,,,26.840454545454545,326.52,304.824,68238665.0,,,,,,0.0588946399416403
2020-08-31,0.0396304446413773,0.0699185967235571,0.0286986694231428,0.0967447635785458,,,42.61,0.72,0.14,,,,,,,,0.58,0.61,,,26.41,0.0,0.0,0.0,0.0,0.0,0.0,0.58,,0.72,-0.1341268418099787,-0.6738318006683836,Overheating,,,,,,,,,,,22.88952380952381,349.31,326.099,49617005.14285714,,,,,,0.0697943731464714
2020-09-30,-0.0205963899283587,-0.0313683154022903,-0.0161596444430441,-0.0387406068149192,,,40.05,0.69,0.13,,,,,,,,0.56,0.59,,,26.37,0.0,0.0,0.0,0.0,0.0,0.0,0.5599999999999999,,0.69,-0.1341268418099787,-0.6738318006683836,Overheating,,,,,,,,,,,27.64761904761905,334.89,313.904,86070698.90476191,,,,,,-0.0373966188182116
2020-10-30,-0.0117620444955477,-0.0277585538706771,-0.0343709438671741,-0.0418330833412926,,,40.05,0.69,0.13,,,,,,,,0.56,0.59,,,26.37,0.0,0.0,0.0,0.0,0.0,0.0,0.5599999999999999,,0.69,-0.1341268418099787,-0.6738318006683836,Overheating,,,,,,,,,,,29.438636363636363,326.54,306.077,73783325.45454545,,,,,,-0.0249343748407156
2020-11-30,0.1647128042128129,0.1147788426427383,0.0821548451459752,0.1033397750645646,,,45.2,0.84,0.16,,,,,,,,0.68,0.76,,,20.57,0.0,0.0,0.0,0.0,0.0,0.0,0.6799999999999999,,0.84,-0.1341268418099787,-0.6738318006683836,Overheating,,,,,,,,,,,24.9955,362.06,339.371,76391559.2,,,,,,0.1087765496917442
2020-12-31,0.0298293036224512,0.0373084195304618,0.0232896808686191,0.0348052959053535,,,48.35,0.93,0.13,,,,,,,,0.8,0.84,,,22.75,0.0,0.0,0.0,0.0,0.0,0.0,0.8,,0.93,-0.1341268418099787,-0.6738318006683836,Overheating,,,,,,,,,,,22.37409090909091,373.88,351.95,60875632.81818182,,,,,,0.0370656302394724
2021-01-29,0.0331700205094669,-0.028132769075802,-0.0267499024604824,0.0167773603114023,,,48.35,0.93,0.13,,,,,,,,0.8,0.84,,,22.75,0.0,0.0,0.0,0.0,0.0,0.0,0.8,,0.93,-0.1341268418099787,-0.6738318006683836,Overheating,,,,,,,,,,,24.91,370.07,348.364,73428564.78947368,,,,,,-0.0101889472936496
2021-02-26,0.069678959910137,0.0330004392322584,-0.003800753032559,-0.0058517335913567,,,52.16,1.11,0.11,,,,,,,,1.0,1.05,,,33.09,0.0,0.0,0.0,0.0,0.0,0.0,1.0,,1.11,-0.1341268418099787,-0.6738318006683836,Goldilocks,,,,,,,,,,,23.140526315789476,380.36,358.05,68295987.73684211,,,,,,0.0278042507262518
2021-03-31,0.0722007725390343,0.0480104593341927,0.0552815282161192,-0.0123877501216748,,,59.19,1.74,0.16,,,,,,,,1.58,1.71,,,19.4,0.0,0.0,0.0,0.0,0.0,0.0,1.58,,1.74,-0.1341268418099787,-0.6738318006683836,Overheating,,,,,,,,,,,21.84304347826087,396.33,374.307,104091539.26086956,,,,,,0.0454042731462086
2021-04-30,0.0173391605349473,0.0488439089109391,0.0405585249267272,0.0711570086232178,,,63.5,1.65,0.16,,,,,,,,1.49,1.64,,,18.61,0.0,0.0,0.0,0.0,0.0,0.0,1.49,,1.65,-0.1341268418099787,-0.6738318006683836,Overheating,,,,,,,,,,,17.416190476190476,417.3,394.112,69455831.52380952,,,,,,0.0529111130702872
2021-05-31,0.0290392379672639,0.0112937053626549,0.0083099045318633,-0.0163448666262022,,,66.31,1.58,0.14,,,,,,,,1.44,1.57,,,16.76,0.0,0.0,0.0,0.0,0.0,0.0,1.44,,1.58,-0.1341268418099787,-0.6738318006683836,Overheating,,,,,,,,,,,19.7605,420.04,396.7,76147241.3,,,,,,0.0065666612536537
2021-06-30,-0.0150478190094611,0.0336253338922378,0.0182852073146067,0.0191399132054441,,,73.52,1.45,0.25,,,,,,,,1.2,1.4,,,15.83,0.0,0.0,0.0,0.0,0.0,0.0,1.2,,1.45,-0.1341268418099787,-0.6738318006683836,Overheating,,,,,,,,,,,16.956818181818182,428.06,405.615,58164278.81818182,,,,,,0.022472901436854
2021-07-30,-0.0076212455040109,0.0339851119439156,0.0348943280692892,0.0093638195044214,,,73.52,1.45,0.25,,,,,,,,1.2,1.4,,,15.83,0.0,0.0,0.0,0.0,0.0,0.0,1.2,,1.45,-0.1341268418099787,-0.6738318006683836,Overheating,,,,,,,,,,,17.603333333333335,438.51,415.517,67599264.14285715,,,,,,0.0244123121679425
2021-08-31,0.0082857270396858,0.0285834989030249,0.0195092958906,0.0416139472008161,,,68.43,1.3,0.2,,,,,,,,1.1,1.26,,,16.48,0.0,0.0,0.0,0.0,0.0,0.0,1.1,,1.3,-0.1341268418099787,-0.6738318006683836,Overheating,,,,,,,,,,,17.472727272727273,451.56,427.882,56804425.36363637,,,,,,0.0297581085731751
2021-09-30,-0.035366300584457,-0.0639510318667269,-0.0497223612440898,-0.034790957468939,,,75.22,1.52,0.28,,,,,,,,1.24,1.48,,,23.14,0.0,0.0,0.0,0.0,0.0,0.0,1.24,,1.52,-0.1341268418099787,-0.6738318006683836,Stagflation,,,,,,,,,,,19.824761904761903,429.14,407.954,82730116.33333333,,,,,,-0.0465735880453022
2021-10-29,0.0249569405024494,0.0767503147390764,0.0546935579319105,0.0857378242515383,,,75.22,1.52,0.28,,,,,,,,1.24,1.48,,,23.14,0.0,0.0,0.0,0.0,0.0,0.0,1.24,,1.52,-0.1341268418099787,-0.6738318006683836,Stagflation,,,,,,,,,,,17.871428571428574,459.25,436.577,71669792.85714285,,,,,,0.0701623222226035
2021-11-30,-0.0090204828332116,-0.0061435910441477,-0.0197353146757139,-0.0394532333509313,,,66.14,1.43,0.52,,,,,,,,0.91,1.38,,,27.19,0.0,0.0,0.0,0.0,0.0,0.0,0.91,,1.43,-0.1341268418099787,-0.6738318006683836,Overheating,,,,,,,,,,,18.50047619047619,455.56,433.069,63401047.52380952,,,,,,-0.0080352377701986
2021-12-31,0.0785549225982502,0.0352359358877152,0.0679016610336684,-0.0050834930012702,,,75.33,1.52,0.73,,,,,,,,0.79,1.46,,,17.22,0.0,0.0,0.0,0.0,0.0,0.0,0.79,,1.52,-0.1341268418099787,-0.6738318006683836,Overheating,,,,,,,,,,,21.354545454545455,474.96,453.115,87361641.0909091,,,,,,0.0462882358238525
2022-01-31,-0.0190798272259177,-0.0687452828004904,-0.0589617240841405,-0.09050121462567,,,89.16,1.79,1.18,,,,,,,,0.61,1.57,,,24.83,0.0,0.0,0.0,0.0,0.0,0.0,0.6100000000000001,,1.79,-0.1341268418099787,-0.6738318006683836,Stagflation,,,,,,,,,,,23.181,449.91,429.218,123940624.2,,,,,,-0.0527393707999073
2022-02-28,-0.0217736053387277,-0.0415595039309839,-0.0305207859063635,-0.0265622656451991,,,96.13,1.83,1.44,,,,,,,,0.39,1.48,,,30.15,0.0,0.0,0.0,0.0,0.0,0.0,0.3900000000000001,,1.83,-0.1341268418099787,-0.6738318006683836,Overheating,,,,,,,,,,,25.74842105263158,436.63,416.548,120617077.4736842,,,,,,-0.0295187993047821
2022-03-31,0.0029350015696474,0.0376343042773656,0.0549187520470575,0.0465142015121031,,,100.53,2.32,2.28,,,,,,,,0.04,1.8,,,20.56,0.0,0.0,0.0,0.0,0.0,0.0,0.04,,2.32,-0.1341268418099787,-0.6738318006683836,Overheating,,,,,,,,,,,26.968695652173913,451.64,432.192,103219572.26086956,,,,,,0.0375562960331102
2022-04-29,-0.057410017126841,-0.080531218482755,-0.0525750201497855,-0.1257949677338319,,,100.53,2.32,2.28,,,,,,,,0.04,1.8,,,20.56,0.0,0.0,0.0,0.0,0.0,0.0,0.04,,2.32,-0.1341268418099787,-0.6738318006683836,Overheating,,,,,,,,,,,24.3735,412.0,394.259,92610627.55,,,,,,-0.0877688619872649
2022-05-31,0.0390526276774219,-0.0016838039565798,-0.0001210391046575,0.0027104605049417,,,114.38,2.85,2.53,,,,,,,,0.32,1.69,,,26.19,0.0,0.0,0.0,0.0,0.0,0.0,0.3200000000000003,,2.85,-0.1341268418099787,-0.6738318006683836,Stagflation,,,,,,,,,,,29.313636363636363,412.93,395.149,114882616.52380952,,,,,,0.0022573993237947
2022-06-30,-0.1101231413656629,-0.0904002995215158,-0.0409331481564552,-0.0647357122944604,,,107.76,2.98,2.92,,,,,,,,0.06,1.26,,,28.71,0.0,0.0,0.0,0.0,0.0,0.0,0.06,,2.98,-0.1341268418099787,-0.6738318006683836,Stagflation,,,,,,,,,,,28.23318181818182,377.25,362.561,92137251.0,,,,,,-0.0824701568269184
2022-07-29,0.0592925048688837,0.0916348289214639,0.0510601170572353,0.0517813507985835,,,107.76,2.98,2.92,,,,,,,,0.06,1.26,,,28.71,0.0,0.0,0.0,0.0,0.0,0.0,0.06,,2.98,-0.1341268418099787,-0.6738318006683836,Stagflation,,,,,,,,,,,24.995238095238093,411.99,395.949,71403021.35,,,,,,0.0920893311746161
2022-08-31,-0.0352698743497527,-0.0501538650626794,-0.0305450520807109,-0.0189672598011744,,,90.09,3.15,3.45,,,,,,,,-0.3,0.19,,,25.87,0.0,0.0,0.0,0.0,0.0,0.0,-0.3000000000000002,,3.15,-0.1341268418099787,-0.6738318006683836,Overheating,,,,,,,,,,,22.169565217391305,395.18,379.793,62593858.04347826,,,,,,-0.0408032347600322
2022-09-30,-0.1072650105272245,-0.0980807039970257,-0.0717105630929652,-0.0602374152452593,,,79.91,3.83,4.22,,,,,,,,-0.39,0.5,,,31.62,0.0,0.0,0.0,0.0,0.0,0.0,-0.3899999999999997,,3.83,-0.1341268418099787,-0.6738318006683836,Overheating,,,,,,,,,,,27.34181818181818,357.18,344.694,94926005.1904762,,,,,,-0.0924161319455598
2022-10-31,0.1316867235227352,0.0824876065906361,0.0782060658591321,0.1254544572518705,,,86.54,4.1,4.51,,,,,,,,-0.41,-0.12,,,25.88,0.0,0.0,0.0,0.0,0.0,0.0,-0.4100000000000001,,4.1,-0.1341268418099787,-0.6738318006683836,Overheating,,,,,,,,,,,30.005714285714287,386.21,372.709,96113496.23809524,,,,,,0.0812749859295491
2022-11-30,0.0583468898032661,0.0785034573763217,0.0578103926542903,0.0363343865321827,,,80.48,3.68,4.38,,,,,,,,-0.7,-0.69,,,20.58,0.0,0.0,0.0,0.0,0.0,0.0,-0.6999999999999997,,3.68,-0.1341268418099787,-0.6738318006683836,Stagflation,,,,,,,,,,,23.29909090909091,407.68,393.428,82935934.28571428,,,,,,0.0555902862554969
2022-12-30,-0.0615172940555139,-0.0557122562739188,-0.03728437671264,-0.0383343331411826,,,80.48,3.68,4.38,,,,,,,,-0.7,-0.69,,,20.58,0.0,0.0,0.0,0.0,0.0,0.0,-0.6999999999999997,,3.68,-0.1341268418099787,-0.6738318006683836,Stagflation,,,,,,,,,,,21.784285714285716,382.43,370.776,82067531.66666667,,,,,,-0.0575759732403387
2023-01-31,0.0713010995913128,0.0703415185133644,0.0147568908841095,-0.0064551228441714,,,78.95,3.52,4.21,,,,,,,,-0.69,-1.18,,,19.4,0.0,0.0,0.0,0.0,0.0,0.0,-0.69,,3.52,-0.1341268418099787,-0.6738318006683836,Overheating,,,,,,,,,,,20.16904761904762,406.48,394.093,78518235.05,,,,,,0.0628870261289835
2023-02-28,-0.0389906318938453,-0.026708661235153,-0.0343389217078188,-0.0397091651856295,,,76.88,3.92,4.81,,,,,,,,-0.89,-0.96,,,20.7,0.0,0.0,0.0,0.0,0.0,0.0,-0.8899999999999997,,3.92,-0.1341268418099787,-0.6738318006683836,Overheating,,,,,,,,,,,20.1205,396.26,384.185,84152422.05263157,,,,,,-0.0251412737602545
2023-03-31,-0.0042101416689274,0.0484337546989404,0.0337465411106638,0.0038726939085751,,,75.68,3.48,4.06,,,,,,,,-0.58,-1.37,,,18.7,0.0,0.0,0.0,0.0,0.0,0.0,-0.5799999999999996,,3.48,-0.1341268418099787,-0.6738318006683836,Stagflation,,,,,,,,,,,21.644347826086957,409.39,398.447,109157036.5652174,,,,,,0.0371227403464476
2023-04-28,-0.0109501599597797,0.0167253792340469,0.0150117940426992,0.0243872787962502,,,75.68,3.48,4.06,,,,,,,,-0.58,-1.37,,,18.7,0.0,0.0,0.0,0.0,0.0,0.0,-0.5799999999999996,,3.48,-0.1341268418099787,-0.6738318006683836,Stagflation,,,,,,,,,,,17.817894736842106,415.93,404.812,73259950.21052632,,,,,,0.0159745210780856
2023-05-31,-0.036854074947225,0.0068526380457587,-0.0324363137724227,-0.0478835792040921,,,68.11,3.64,4.4,,,,,,,,-0.76,-1.88,,,17.94,0.0,0.0,0.0,0.0,0.0,0.0,-0.7600000000000002,,3.64,-0.1341268418099787,-0.6738318006683836,Stagflation,,,,,,,,,,,17.63608695652174,417.85,406.681,80701731.54545455,,,,,,0.0046169579953163
2023-06-30,0.0702239320722886,0.0652559200139109,0.0451979263047996,0.0698552158109104,,,70.66,3.81,4.87,,,,,,,,-1.06,-1.62,,,13.59,0.0,0.0,0.0,0.0,0.0,0.0,-1.06,,3.81,-0.1341268418099787,-0.6738318006683836,Stagflation,,,,,,,,,,,14.003181818181815,443.28,433.04,83175795.66666667,,,,,,0.0648149286541539
2023-07-31,0.0369224965358525,0.0374745991133009,0.013561507250505,0.0173362078076504,,,81.8,3.97,4.88,,,,,,,,-0.91,-1.58,,,13.63,0.0,0.0,0.0,0.0,0.0,0.0,-0.9099999999999996,,3.97,-0.1341268418099787,-0.6738318006683836,Overheating,,,,,,,,,,,13.932380952380951,457.79,447.215,68622516.7,,,,,,0.032733696656198
2023-08-31,-0.0288395101447377,-0.0039877196552071,-0.0055321540349601,0.0029746170171836,,,83.55,4.09,4.85,,,,,,,,-0.76,-1.47,,,13.57,0.0,0.0,0.0,0.0,0.0,0.0,-0.7599999999999998,,4.09,-0.1341268418099787,-0.6738318006683836,Stagflation,,,,,,,,,,,15.85391304347826,450.35,439.946,76249137.39130434,,,,,,-0.0162539270820522
2023-09-29,-0.0319473544098405,-0.0507410795354675,-0.0281796680230348,-0.0477421369224092,,,83.55,4.09,4.85,,,,,,,,-0.76,-1.47,,,13.57,0.0,0.0,0.0,0.0,0.0,0.0,-0.7599999999999998,,4.09,-0.1341268418099787,-0.6738318006683836,Stagflation,,,,,,,,,,,15.173333333333332,427.48,419.096,79331898.4,,,,,,-0.0473921799493574
2023-10-31,-0.0356502012924688,-0.0139540138648228,-0.0085222207205478,-0.0162770871342342,,,81.64,4.88,5.07,,,,,,,,-0.19,-0.71,,,18.14,0.0,0.0,0.0,0.0,0.0,0.0,-0.1900000000000004,,4.88,-0.1341268418099787,-0.6738318006683836,Overheating,,,,,,,,,,,18.887727272727272,418.2,409.998,90715855.86363636,,,,,,-0.0217086300036268
2023-11-30,0.0818182566928586,0.0856470471085404,0.0585037029765578,0.0936638921724692,,,75.66,4.37,4.73,,,,,,,,-0.36,-1.08,,,12.92,0.0,0.0,0.0,0.0,0.0,0.0,-0.3600000000000003,,4.37,-0.1341268418099787,-0.6738318006683836,Overheating,,,,,,,,,,,14.01909090909091,456.4,447.449,71325654.85714285,,,,,,0.0913443480212098
2023-12-29,0.0764282448866755,0.0481560095907322,0.0270734181666401,0.0480816795076743,,,75.66,4.37,4.73,,,,,,,,-0.36,-1.08,,,12.92,0.0,0.0,0.0,0.0,0.0,0.0,-0.3600000000000003,,4.37,-0.1341268418099787,-0.6738318006683836,Overheating,,,,,,,,,,,12.7185,475.31,467.88,79896439.6,,,,,,0.0456610697532009
2024-01-31,-0.0083597318901786,0.0225867954290923,0.0225433363190257,0.0561462972956143,,,76.28,3.99,4.27,,,,,,,,-0.28,-1.43,,,14.35,0.0,0.0,0.0,0.0,0.0,0.0,-0.2799999999999993,,3.99,-0.1341268418099787,-0.6738318006683836,Stagflation,,,,,,,,,,,13.388636363636364,482.88,475.332,79779865.0,,,,,,0.0159271608104642
2024-02-29,0.0261392741895463,0.0654204380883232,0.0209403267442911,0.1009588855819372,,,79.22,4.25,4.64,,,,,,,,-0.39,-1.2,,,13.4,0.0,0.0,0.0,0.0,0.0,0.0,-0.3899999999999997,,4.25,-0.1341268418099787,-0.6738318006683836,Overheating,,,,,,,,,,,13.980476190476187,508.08,500.138,68166078.8,,,,,,0.052186682150581
2024-03-29,0.0598256772292919,0.0267673661982317,0.0315728815998532,0.0346494423255483,,,79.22,4.25,4.64,,,,,,,,-0.39,-1.2,,,13.4,0.0,0.0,0.0,0.0,0.0,0.0,-0.3899999999999997,,4.25,-0.1341268418099787,-0.6738318006683836,Overheating,,,,,,,,,,,13.7875,523.07,516.51,71187511.2,,,,,,0.0327349651496187
2024-04-30,-0.0681690947169928,-0.0442235068384873,-0.0369424583661376,-0.0485064535947507,,,83.49,4.69,5.04,,,,,,,,-0.35,-0.77,,,15.65,0.0,0.0,0.0,0.0,0.0,0.0,-0.3499999999999996,,4.69,-0.1341268418099787,-0.6738318006683836,Overheating,,,,,,,,,,,16.137727272727272,501.98,495.684,70913936.9090909,,,,,,-0.040320613347273
2024-05-31,0.0306002276826544,0.0557837056032097,0.0280480737853183,0.0578755049791965,,,77.97,4.51,4.89,,,,,,,,-0.38,-0.95,,,12.92,0.0,0.0,0.0,0.0,0.0,0.0,-0.3799999999999999,,4.51,-0.1341268418099787,-0.6738318006683836,Recession,,,,,,,,,,,13.058695652173911,527.37,520.756,51249435.68181818,,,,,,0.050580611841415
2024-06-28,-0.0002526078905225,0.0318100753574903,0.0179716699377301,0.0381441366322401,,,77.97,4.51,4.89,,,,,,,,-0.38,-0.95,,,12.92,0.0,0.0,0.0,0.0,0.0,0.0,-0.3799999999999999,,4.51,-0.1341268418099787,-0.6738318006683836,Recession,,,,,,,,,,,12.667,544.22,539.131,45431627.473684214,,,,,,0.0352852391523093
2024-07-31,0.0404972196398683,0.0074472187863032,0.0373604661510531,-0.0209871928901723,,,79.36,4.09,4.29,,,,,,,,-0.2,-1.32,,,16.36,0.0,0.0,0.0,0.0,0.0,0.0,-0.2000000000000001,,4.09,-0.1341268418099787,-0.6738318006683836,Overheating,,,,,,,,,,,14.373913043478264,550.81,545.659,46378448.0,,,,,,0.0121083744025107
2024-08-30,0.0039516006775206,0.0350692992455787,0.0494613725777246,0.0288798008362831,,,79.36,4.09,4.29,,,,,,,,-0.2,-1.32,,,16.36,0.0,0.0,0.0,0.0,0.0,0.0,-0.2000000000000001,,4.09,-0.1341268418099787,-0.6738318006683836,Overheating,,,,,,,,,,,19.312272727272727,563.68,558.409,55071055.54545455,,,,,,0.0233662415537909
2024-09-30,0.0178320809300267,0.0113280815125267,0.0043761512221245,0.030781045355587,,,68.75,3.81,3.66,,,,,,,,0.15,-0.92,,,16.73,0.0,0.0,0.0,0.0,0.0,0.0,0.1499999999999999,,3.81,-0.1341268418099787,-0.6738318006683836,Stagflation,,,,,,,,,,,17.663333333333334,573.76,570.14,50731502.25,,,,,,0.0210078992279852
2024-10-31,-0.0126755204541146,-0.0153712387461856,-0.0144779185860494,-0.0022304818986009,,,69.58,4.28,4.16,,,,,,,,0.12,-0.36,,,23.16,0.0,0.0,0.0,0.0,0.0,0.0,0.1200000000000001,,4.28,-0.1341268418099787,-0.6738318006683836,Overheating,,,,,,,,,,,19.960869565217394,568.64,565.053,41205254.69565217,,,,,,-0.0089223699442242
2024-11-29,0.0639445119314507,0.0489818259171321,0.05036723460625,0.0515083182237163,,,69.58,4.28,4.16,,,,,,,,0.12,-0.36,,,23.16,0.0,0.0,0.0,0.0,0.0,0.0,0.1200000000000001,,4.28,-0.1341268418099787,-0.6738318006683836,Overheating,,,,,,,,,,,16.015238095238097,602.55,598.749,43542271.0,,,,,,0.0596333441287808
2024-12-31,-0.0716908910588337,-0.0350766238488715,-0.0558421216289736,-0.0336931975106865,,,72.44,4.58,4.25,,,,,,,,0.33,0.21,,,17.35,0.0,0.0,0.0,0.0,0.0,0.0,0.33,,4.58,-0.1341268418099787,-0.6738318006683836,Overheating,,,,,,,,,,,15.866190476190477,586.08,584.323,49331159.23809524,,,,,,-0.0240935684234963
2025-01-31,0.0428731059218285,0.0296500155271408,0.035970767870755,0.0544934863737356,,,72.84,4.58,4.22,,,,,,,,0.36,0.27,,,16.43,0.0,0.0,0.0,0.0,0.0,0.0,0.3600000000000003,,4.58,-0.1341268418099787,-0.6738318006683836,Stagflation,,,,,,,,,,,16.763636363636365,601.82,600.016,49780297.9,,,,,,0.0268567213681474
2025-02-28,0.0102491481099626,-0.0096781645563032,0.0280274570254881,-0.0046342898704468,,,69.97,4.24,3.99,,,,,,,,0.25,-0.08,,,19.63,0.0,0.0,0.0,0.0,0.0,0.0,0.25,,4.24,-0.1341268418099787,-0.6738318006683836,Overheating,,,,,,,,,,,16.968,594.18,592.399,45922857.0,,,,,,-0.0126946614756939
2025-03-31,-0.0346121256540575,-0.0561076625612415,-0.0059919106941705,-0.0651342395589288,,,71.87,4.23,3.89,,,,,,,,0.34,-0.09,,,22.28,0.0,0.0,0.0,0.0,0.0,0.0,0.3400000000000003,,4.23,-0.1341268418099787,-0.6738318006683836,Recession,,,,,,,,,,,21.841428571428573,559.39,559.39,71207857.14285715,,,,,,-0.0557208908185192
2025-04-30,-0.0371354302132296,-0.0088289316495348,-0.0118317338632836,0.0259918127475895,,,59.55,4.17,3.6,,,,,,,,0.57,-0.14,,,24.7,0.0,0.0,0.0,0.0,0.0,0.0,0.5699999999999998,,4.17,-0.1341268418099787,-0.6738318006683836,Stagflation,,,,,,,,,,,31.966190476190473,554.54,554.54,106524530.52380952,,,,,,-0.0086701585655803
2025-05-30,0.0425712091755574,0.046352236070007,0.0111837473785374,0.0841203010808326,,,59.55,4.17,3.6,,,,,,,,0.57,-0.14,,,24.7,0.0,0.0,0.0,0.0,0.0,0.0,0.5699999999999998,,4.17,-0.1341268418099787,-0.6738318006683836,Stagflation,,,,,,,,,,,20.46227272727273,589.39,589.39,66714537.38095238,,,,,,0.0628448804414469
